[
  {
    "model": "admin.logentry",
    "pk": 1,
    "fields": {
      "action_time": "2022-12-16T12:01:59.365Z",
      "user": "efb34d58-7906-4437-b8b9-027316e70bbb",
      "content_type": 29,
      "object_id": "1c5cbb41-af49-498e-969b-316b4f691d6e",
      "object_repr": "ScheduleCall object (1c5cbb41-af49-498e-969b-316b4f691d6e)",
      "action_flag": 1,
      "change_message": "[{\"added\": {}}]"
    }
  },
  {
    "model": "admin.logentry",
    "pk": 2,
    "fields": {
      "action_time": "2022-12-16T13:11:43.555Z",
      "user": "efb34d58-7906-4437-b8b9-027316e70bbb",
      "content_type": 19,
      "object_id": "b7ee83fa-fdf1-461e-a775-55cc184581e4",
      "object_repr": "msodq2018@gmail.com",
      "action_flag": 2,
      "change_message": "[{\"changed\": {\"fields\": [\"Is staff\", \"Verified\"]}}]"
    }
  },
  {
    "model": "admin.logentry",
    "pk": 3,
    "fields": {
      "action_time": "2022-12-16T15:28:51.806Z",
      "user": "efb34d58-7906-4437-b8b9-027316e70bbb",
      "content_type": 24,
      "object_id": "9c9c72f8-1338-4e53-bb39-060acf6d1085",
      "object_repr": "Newsletter",
      "action_flag": 1,
      "change_message": "[{\"added\": {}}]"
    }
  },
  {
    "model": "admin.logentry",
    "pk": 4,
    "fields": {
      "action_time": "2022-12-21T22:46:42.876Z",
      "user": "efb34d58-7906-4437-b8b9-027316e70bbb",
      "content_type": 36,
      "object_id": "8428dab9-297f-45ed-ab26-bb85e6b5aa53",
      "object_repr": "JobType object (8428dab9-297f-45ed-ab26-bb85e6b5aa53)",
      "action_flag": 1,
      "change_message": "[{\"added\": {}}]"
    }
  },
  {
    "model": "admin.logentry",
    "pk": 5,
    "fields": {
      "action_time": "2022-12-21T22:47:53.692Z",
      "user": "efb34d58-7906-4437-b8b9-027316e70bbb",
      "content_type": 37,
      "object_id": "82967f76-ecda-48d2-911a-e9617399721a",
      "object_repr": "Job object (82967f76-ecda-48d2-911a-e9617399721a)",
      "action_flag": 1,
      "change_message": "[{\"added\": {}}]"
    }
  },
  {
    "model": "admin.logentry",
    "pk": 6,
    "fields": {
      "action_time": "2022-12-23T23:05:09.726Z",
      "user": "efb34d58-7906-4437-b8b9-027316e70bbb",
      "content_type": 42,
      "object_id": "1",
      "object_repr": "EmailLog object (1)",
      "action_flag": 1,
      "change_message": "[{\"added\": {}}]"
    }
  },
  {
    "model": "admin.logentry",
    "pk": 7,
    "fields": {
      "action_time": "2023-01-03T20:52:21.973Z",
      "user": "efb34d58-7906-4437-b8b9-027316e70bbb",
      "content_type": 33,
      "object_id": "62cdfbf5-b7e5-4a25-ad43-c2116e3984b5",
      "object_repr": "Event object (62cdfbf5-b7e5-4a25-ad43-c2116e3984b5)",
      "action_flag": 1,
      "change_message": "[{\"added\": {}}]"
    }
  },
  {
    "model": "admin.logentry",
    "pk": 8,
    "fields": {
      "action_time": "2023-01-03T20:52:38.795Z",
      "user": "efb34d58-7906-4437-b8b9-027316e70bbb",
      "content_type": 33,
      "object_id": "62cdfbf5-b7e5-4a25-ad43-c2116e3984b5",
      "object_repr": "Event object (62cdfbf5-b7e5-4a25-ad43-c2116e3984b5)",
      "action_flag": 2,
      "change_message": "[{\"changed\": {\"fields\": [\"Price\"]}}]"
    }
  },
  {
    "model": "admin.logentry",
    "pk": 9,
    "fields": {
      "action_time": "2023-01-03T21:03:30.258Z",
      "user": "efb34d58-7906-4437-b8b9-027316e70bbb",
      "content_type": 33,
      "object_id": "62cdfbf5-b7e5-4a25-ad43-c2116e3984b5",
      "object_repr": "Event object (62cdfbf5-b7e5-4a25-ad43-c2116e3984b5)",
      "action_flag": 2,
      "change_message": "[{\"changed\": {\"fields\": [\"Slug\"]}}]"
    }
  },
  {
    "model": "admin.logentry",
    "pk": 10,
    "fields": {
      "action_time": "2023-01-04T11:11:54.272Z",
      "user": "efb34d58-7906-4437-b8b9-027316e70bbb",
      "content_type": 33,
      "object_id": "62cdfbf5-b7e5-4a25-ad43-c2116e3984b5",
      "object_repr": "Event object (62cdfbf5-b7e5-4a25-ad43-c2116e3984b5)",
      "action_flag": 2,
      "change_message": "[{\"changed\": {\"fields\": [\"Description\", \"Image\"]}}]"
    }
  },
  {
    "model": "admin.logentry",
    "pk": 11,
    "fields": {
      "action_time": "2023-01-04T11:12:55.683Z",
      "user": "efb34d58-7906-4437-b8b9-027316e70bbb",
      "content_type": 33,
      "object_id": "62cdfbf5-b7e5-4a25-ad43-c2116e3984b5",
      "object_repr": "Event object (62cdfbf5-b7e5-4a25-ad43-c2116e3984b5)",
      "action_flag": 2,
      "change_message": "[{\"changed\": {\"fields\": [\"Price\", \"Is paid\"]}}]"
    }
  },
  {
    "model": "admin.logentry",
    "pk": 12,
    "fields": {
      "action_time": "2023-01-04T12:25:10.773Z",
      "user": "efb34d58-7906-4437-b8b9-027316e70bbb",
      "content_type": 30,
      "object_id": "b2336e92-73e6-4e27-9216-ff8ac4e42285",
      "object_repr": "UserScheduleCall object (b2336e92-73e6-4e27-9216-ff8ac4e42285)",
      "action_flag": 2,
      "change_message": "[{\"changed\": {\"fields\": [\"First name\", \"Last name\", \"Email\", \"Gender\", \"Phone\", \"Age\", \"Will pay\", \"Income range\", \"Knowledge scale\", \"Will get laptop\", \"Hours per week\", \"Eligible\"]}}]"
    }
  },
  {
    "model": "admin.logentry",
    "pk": 13,
    "fields": {
      "action_time": "2023-01-04T15:06:42.519Z",
      "user": "efb34d58-7906-4437-b8b9-027316e70bbb",
      "content_type": 30,
      "object_id": "abb4bf20-961b-4b57-b225-1af51d77a4fc",
      "object_repr": "UserScheduleCall object (abb4bf20-961b-4b57-b225-1af51d77a4fc)",
      "action_flag": 1,
      "change_message": "[{\"added\": {}}]"
    }
  },
  {
    "model": "admin.logentry",
    "pk": 14,
    "fields": {
      "action_time": "2023-01-04T19:01:58.966Z",
      "user": "efb34d58-7906-4437-b8b9-027316e70bbb",
      "content_type": 33,
      "object_id": "5737c995-1227-4320-8070-6bfc182eac4d",
      "object_repr": "Event object (5737c995-1227-4320-8070-6bfc182eac4d)",
      "action_flag": 1,
      "change_message": "[{\"added\": {}}]"
    }
  },
  {
    "model": "admin.logentry",
    "pk": 15,
    "fields": {
      "action_time": "2023-01-05T09:25:24.850Z",
      "user": "efb34d58-7906-4437-b8b9-027316e70bbb",
      "content_type": 21,
      "object_id": "b80d9312-ce8b-4e76-b6e6-02034d2ba28a",
      "object_repr": "Instinct -- Using Company",
      "action_flag": 2,
      "change_message": "[{\"changed\": {\"fields\": [\"Name\", \"Username\", \"Phone\", \"Info email\", \"Customer support email\", \"Industry\", \"Overview\", \"Company size\", \"Headquater\", \"Founded\"]}}]"
    }
  },
  {
    "model": "admin.logentry",
    "pk": 16,
    "fields": {
      "action_time": "2023-01-06T13:44:48.173Z",
      "user": "efb34d58-7906-4437-b8b9-027316e70bbb",
      "content_type": 31,
      "object_id": "ccf0538f-5cc2-4dd1-a81c-8be39d6f0b8c",
      "object_repr": "HighValueContent object (ccf0538f-5cc2-4dd1-a81c-8be39d6f0b8c)",
      "action_flag": 1,
      "change_message": "[{\"added\": {}}]"
    }
  },
  {
    "model": "admin.logentry",
    "pk": 17,
    "fields": {
      "action_time": "2023-01-06T13:45:03.398Z",
      "user": "efb34d58-7906-4437-b8b9-027316e70bbb",
      "content_type": 31,
      "object_id": "ccf0538f-5cc2-4dd1-a81c-8be39d6f0b8c",
      "object_repr": "HighValueContent object (ccf0538f-5cc2-4dd1-a81c-8be39d6f0b8c)",
      "action_flag": 2,
      "change_message": "[{\"changed\": {\"fields\": [\"Company\"]}}]"
    }
  },
  {
    "model": "admin.logentry",
    "pk": 18,
    "fields": {
      "action_time": "2023-01-06T13:45:58.393Z",
      "user": "efb34d58-7906-4437-b8b9-027316e70bbb",
      "content_type": 31,
      "object_id": "ccf0538f-5cc2-4dd1-a81c-8be39d6f0b8c",
      "object_repr": "HighValueContent object (ccf0538f-5cc2-4dd1-a81c-8be39d6f0b8c)",
      "action_flag": 2,
      "change_message": "[{\"changed\": {\"fields\": [\"Company\"]}}]"
    }
  },
  {
    "model": "admin.logentry",
    "pk": 19,
    "fields": {
      "action_time": "2023-01-06T13:46:10.440Z",
      "user": "efb34d58-7906-4437-b8b9-027316e70bbb",
      "content_type": 31,
      "object_id": "ccf0538f-5cc2-4dd1-a81c-8be39d6f0b8c",
      "object_repr": "HighValueContent object (ccf0538f-5cc2-4dd1-a81c-8be39d6f0b8c)",
      "action_flag": 2,
      "change_message": "[{\"changed\": {\"fields\": [\"Group\"]}}]"
    }
  },
  {
    "model": "admin.logentry",
    "pk": 20,
    "fields": {
      "action_time": "2023-01-06T13:47:07.610Z",
      "user": "efb34d58-7906-4437-b8b9-027316e70bbb",
      "content_type": 31,
      "object_id": "ccf0538f-5cc2-4dd1-a81c-8be39d6f0b8c",
      "object_repr": "HighValueContent object (ccf0538f-5cc2-4dd1-a81c-8be39d6f0b8c)",
      "action_flag": 2,
      "change_message": "[{\"changed\": {\"fields\": [\"Company\"]}}]"
    }
  },
  {
    "model": "admin.logentry",
    "pk": 21,
    "fields": {
      "action_time": "2023-01-09T10:53:43.480Z",
      "user": "efb34d58-7906-4437-b8b9-027316e70bbb",
      "content_type": 31,
      "object_id": "d924377e-e7a5-4d50-8884-42a6f8799b34",
      "object_repr": "HighValueContent object (d924377e-e7a5-4d50-8884-42a6f8799b34)",
      "action_flag": 2,
      "change_message": "[{\"changed\": {\"fields\": [\"Last edit by\", \"Title\"]}}]"
    }
  },
  {
    "model": "admin.logentry",
    "pk": 22,
    "fields": {
      "action_time": "2023-01-09T10:54:00.026Z",
      "user": "efb34d58-7906-4437-b8b9-027316e70bbb",
      "content_type": 31,
      "object_id": "3501389f-9b03-41b4-a7d5-2c3a751c2f52",
      "object_repr": "HighValueContent object (3501389f-9b03-41b4-a7d5-2c3a751c2f52)",
      "action_flag": 2,
      "change_message": "[{\"changed\": {\"fields\": [\"Last edit by\", \"Title\"]}}]"
    }
  },
  {
    "model": "admin.logentry",
    "pk": 23,
    "fields": {
      "action_time": "2023-01-09T10:54:56.310Z",
      "user": "efb34d58-7906-4437-b8b9-027316e70bbb",
      "content_type": 31,
      "object_id": "37901307-5fb4-4ba6-b0c8-67e49156c188",
      "object_repr": "HighValueContent object (37901307-5fb4-4ba6-b0c8-67e49156c188)",
      "action_flag": 2,
      "change_message": "[{\"changed\": {\"fields\": [\"Last edit by\", \"Title\", \"Slug\"]}}]"
    }
  },
  {
    "model": "admin.logentry",
    "pk": 24,
    "fields": {
      "action_time": "2023-01-09T10:55:34.516Z",
      "user": "efb34d58-7906-4437-b8b9-027316e70bbb",
      "content_type": 31,
      "object_id": "ee358ee6-d6f4-477e-9c46-99b6b89520d7",
      "object_repr": "HighValueContent object (ee358ee6-d6f4-477e-9c46-99b6b89520d7)",
      "action_flag": 2,
      "change_message": "[{\"changed\": {\"fields\": [\"Created by\", \"Last edit by\", \"Title\", \"Slug\"]}}]"
    }
  },
  {
    "model": "admin.logentry",
    "pk": 25,
    "fields": {
      "action_time": "2023-01-09T10:56:00.034Z",
      "user": "efb34d58-7906-4437-b8b9-027316e70bbb",
      "content_type": 31,
      "object_id": "dc9c2af7-05ea-425c-8ad2-7fc0a8bef710",
      "object_repr": "HighValueContent object (dc9c2af7-05ea-425c-8ad2-7fc0a8bef710)",
      "action_flag": 2,
      "change_message": "[{\"changed\": {\"fields\": [\"Created by\", \"Last edit by\", \"Title\", \"Slug\"]}}]"
    }
  },
  {
    "model": "admin.logentry",
    "pk": 26,
    "fields": {
      "action_time": "2023-01-09T10:56:25.556Z",
      "user": "efb34d58-7906-4437-b8b9-027316e70bbb",
      "content_type": 31,
      "object_id": "a2f4da23-19e8-4424-a366-46e164d9f226",
      "object_repr": "HighValueContent object (a2f4da23-19e8-4424-a366-46e164d9f226)",
      "action_flag": 2,
      "change_message": "[{\"changed\": {\"fields\": [\"Title\"]}}]"
    }
  },
  {
    "model": "admin.logentry",
    "pk": 27,
    "fields": {
      "action_time": "2023-01-09T10:56:41.033Z",
      "user": "efb34d58-7906-4437-b8b9-027316e70bbb",
      "content_type": 31,
      "object_id": "ccf0538f-5cc2-4dd1-a81c-8be39d6f0b8c",
      "object_repr": "HighValueContent object (ccf0538f-5cc2-4dd1-a81c-8be39d6f0b8c)",
      "action_flag": 2,
      "change_message": "[{\"changed\": {\"fields\": [\"Created by\", \"Last edit by\"]}}]"
    }
  },
  {
    "model": "admin.logentry",
    "pk": 28,
    "fields": {
      "action_time": "2023-02-24T06:32:45.320Z",
      "user": "efb34d58-7906-4437-b8b9-027316e70bbb",
      "content_type": 19,
      "object_id": "114781f1-4f35-42f2-9126-bda7755f1e56",
      "object_repr": "noaholatoye101@gmail.com",
      "action_flag": 2,
      "change_message": "[{\"changed\": {\"fields\": [\"Is staff\", \"Verified\"]}}]"
    }
  },
  {
    "model": "sessions.session",
    "pk": "05394yx2480x3r32zp39ejz5xuf0j721",
    "fields": {
      "session_data": ".eJxVjTsOwjAQRO_iGltm_dmYkp4zRN71mgRQIuVTIe5OIqWAcjTvzbxVm9ela9dZprYv6qKkkvMlNBqTjdp7h5oaStoCunMUtESkTr8aZX7KsLvlkYf7aHgclqknsyPmaGdzG4u8rgf7N9DludtsZI-8X0TIQFILFluTlS0VjA4DIacYwAEEQQ6ZIuboKwA27JDV5wu6aUCY:1p5ScX:TJg8_GvBNHL45x7o4H6qlHBxLhUDswo8wH6DlfkuqXU",
      "expire_date": "2022-12-28T14:20:29.118Z"
    }
  },
  {
    "model": "sessions.session",
    "pk": "08vov6q3u6gngpqb2vsr2e9tg6dalcow",
    "fields": {
      "session_data": ".eJxVjTsOwjAQRO_iGltm_dmYkp4zRN71mgRQIuVTIe5OIqWAcjTvzbxVm9ela9dZprYv6qKkkvMlNBqTjdp7h5oaStoCunMUtESkTr8aZX7KsLvlkYf7aHgclqknsyPmaGdzG4u8rgf7N9DludtsZI-8X0TIQFILFluTlS0VjA4DIacYwAEEQQ6ZIuboKwA27JDV5wu6aUCY:1p5t7u:P4ynUVFcecL9e1pV2WAtiZZ3jYDwJBKKnDT-CXx-clo",
      "expire_date": "2022-12-29T18:38:38.457Z"
    }
  },
  {
    "model": "sessions.session",
    "pk": "0ddj8lmoj2092l41fva1v5m5gb92bsx4",
    "fields": {
      "session_data": ".eJxVjTsOwjAQRO_iGltm_dmYkp4zRN71mgRQIuVTIe5OIqWAcjTvzbxVm9ela9dZprYv6qKkkvMlNBqTjdp7h5oaStoCunMUtESkTr8aZX7KsLvlkYf7aHgclqknsyPmaGdzG4u8rgf7N9DludtsZI-8X0TIQFILFluTlS0VjA4DIacYwAEEQQ6ZIuboKwA27JDV5wu6aUCY:1pD1f2:RZpMSBDApm9mPDDQLgboYoZN7eU51R9MIEC3ZiX3034",
      "expire_date": "2023-01-18T11:10:20.034Z"
    }
  },
  {
    "model": "sessions.session",
    "pk": "0elhg5ljmj1rta033f4mkalt0kkvbust",
    "fields": {
      "session_data": ".eJxVjTsOwjAQRO_iGltm_dmYkp4zRN71mgRQIuVTIe5OIqWAcjTvzbxVm9ela9dZprYv6qKkkvMlNBqTjdp7h5oaStoCunMUtESkTr8aZX7KsLvlkYf7aHgclqknsyPmaGdzG4u8rgf7N9DludtsZI-8X0TIQFILFluTlS0VjA4DIacYwAEEQQ6ZIuboKwA27JDV5wu6aUCY:1pCRlf:jGIuxXzApUQ6Z-_8eiplQ_x45LI6qmEiM-VT-vSIqYE",
      "expire_date": "2023-01-16T20:50:47.094Z"
    }
  },
  {
    "model": "sessions.session",
    "pk": "0glfees6v33usc5dmcarzjbu4egsrxjh",
    "fields": {
      "session_data": ".eJxVjTsOwjAQRO_iGltm_dmYkp4zRN71mgRQIuVTIe5OIqWAcjTvzbxVm9ela9dZprYv6qKkkvMlNBqTjdp7h5oaStoCunMUtESkTr8aZX7KsLvlkYf7aHgclqknsyPmaGdzG4u8rgf7N9DludtsZI-8X0TIQFILFluTlS0VjA4DIacYwAEEQQ6ZIuboKwA27JDV5wu6aUCY:1p684j:Av28fWIpqDImvUFoK25Rkh20m_VcG07xvKv1QofbltU",
      "expire_date": "2022-12-30T10:36:21.397Z"
    }
  },
  {
    "model": "sessions.session",
    "pk": "12amj0r1l368reqcoi3e5gr3q871rbtf",
    "fields": {
      "session_data": ".eJxVjTsOwjAQRO_iGltm_dmYkp4zRN71mgRQIuVTIe5OIqWAcjTvzbxVm9ela9dZprYv6qKkkvMlNBqTjdp7h5oaStoCunMUtESkTr8aZX7KsLvlkYf7aHgclqknsyPmaGdzG4u8rgf7N9DludtsZI-8X0TIQFILFluTlS0VjA4DIacYwAEEQQ6ZIuboKwA27JDV5wu6aUCY:1p5tkC:ZT_WhrWNkmHLoloBuqKIrAlYz0ETjRt2Rw8FcbxOSSQ",
      "expire_date": "2022-12-29T19:18:12.118Z"
    }
  },
  {
    "model": "sessions.session",
    "pk": "16yhvr8bvib2un0qqweucqhjeq7qdm7q",
    "fields": {
      "session_data": ".eJxVjTsOwjAQRO_iGltm_dmYkp4zRN71mgRQIuVTIe5OIqWAcjTvzbxVm9ela9dZprYv6qKkkvMlNBqTjdp7h5oaStoCunMUtESkTr8aZX7KsLvlkYf7aHgclqknsyPmaGdzG4u8rgf7N9DludtsZI-8X0TIQFILFluTlS0VjA4DIacYwAEEQQ6ZIuboKwA27JDV5wu6aUCY:1p68Gs:Qkz70fJbqr0btfNMgf1_wOlOCI1MRc70fsuEl-F98P4",
      "expire_date": "2022-12-30T10:48:54.608Z"
    }
  },
  {
    "model": "sessions.session",
    "pk": "19v15msze9bmkld8il7f00c4acjg3ehm",
    "fields": {
      "session_data": ".eJxVjTsOwjAQRO_iGltm_dmYkp4zRN71mgRQIuVTIe5OIqWAcjTvzbxVm9ela9dZprYv6qKkkvMlNBqTjdp7h5oaStoCunMUtESkTr8aZX7KsLvlkYf7aHgclqknsyPmaGdzG4u8rgf7N9DludtsZI-8X0TIQFILFluTlS0VjA4DIacYwAEEQQ6ZIuboKwA27JDV5wu6aUCY:1pD0rm:JwOa_jopvhNZosPw5DYTdxLBcC-cmT3wJHmVRKSmwPE",
      "expire_date": "2023-01-18T10:19:26.474Z"
    }
  },
  {
    "model": "sessions.session",
    "pk": "1q926i4jix2sfu97fi4h2lan9dduzotj",
    "fields": {
      "session_data": ".eJxVjTsOwjAQRO_iGltm_dmYkp4zRN71mgRQIuVTIe5OIqWAcjTvzbxVm9ela9dZprYv6qKkkvMlNBqTjdp7h5oaStoCunMUtESkTr8aZX7KsLvlkYf7aHgclqknsyPmaGdzG4u8rgf7N9DludtsZI-8X0TIQFILFluTlS0VjA4DIacYwAEEQQ6ZIuboKwA27JDV5wu6aUCY:1p5T7S:bL9lj2huXdrLg01Y0_Nqv7FSlDfFGfNcE_CXBvsubI8",
      "expire_date": "2022-12-28T14:52:26.908Z"
    }
  },
  {
    "model": "sessions.session",
    "pk": "1u1ssc0ck9rrp6suh6ms76fwp2pqa5xr",
    "fields": {
      "session_data": ".eJxVjTsOwjAQRO_iGltm_dmYkp4zRN71mgRQIuVTIe5OIqWAcjTvzbxVm9ela9dZprYv6qKkkvMlNBqTjdp7h5oaStoCunMUtESkTr8aZX7KsLvlkYf7aHgclqknsyPmaGdzG4u8rgf7N9DludtsZI-8X0TIQFILFluTlS0VjA4DIacYwAEEQQ6ZIuboKwA27JDV5wu6aUCY:1pCL5s:8Pfvadh9N0ukSlPhdjHP0WOU60-5_jsetRzk1poWrzg",
      "expire_date": "2023-01-16T13:43:12.537Z"
    }
  },
  {
    "model": "sessions.session",
    "pk": "27c47u8px0b8hrh8nymxiov7xde70x9t",
    "fields": {
      "session_data": ".eJxVjTsOwjAQRO_iGltm_dmYkp4zRN71mgRQIuVTIe5OIqWAcjTvzbxVm9ela9dZprYv6qKkkvMlNBqTjdp7h5oaStoCunMUtESkTr8aZX7KsLvlkYf7aHgclqknsyPmaGdzG4u8rgf7N9DludtsZI-8X0TIQFILFluTlS0VjA4DIacYwAEEQQ6ZIuboKwA27JDV5wu6aUCY:1p7181:hLfjRjeDsSbtBJhYkXGKR8F3ZNNAXCVwCE9gevPvFJo",
      "expire_date": "2023-01-01T21:23:25.297Z"
    }
  },
  {
    "model": "sessions.session",
    "pk": "28cv7pli6tmky4691pch8i0sbz2ea9kq",
    "fields": {
      "session_data": ".eJxVjTsOwjAQRO_iGltm_dmYkp4zRN71mgRQIuVTIe5OIqWAcjTvzbxVm9ela9dZprYv6qKkkvMlNBqTjdp7h5oaStoCunMUtESkTr8aZX7KsLvlkYf7aHgclqknsyPmaGdzG4u8rgf7N9DludtsZI-8X0TIQFILFluTlS0VjA4DIacYwAEEQQ6ZIuboKwA27JDV5wu6aUCY:1p67pS:ONGWyuFmt3Uv6TfIcV06sQmHrViVSFFCzK5HcNd7MGI",
      "expire_date": "2022-12-30T10:20:34.146Z"
    }
  },
  {
    "model": "sessions.session",
    "pk": "2bltsb45uhxekljy2v8kedalg5xvfw1e",
    "fields": {
      "session_data": ".eJxVjTsOwjAQRO_iGltm_dmYkp4zRN71mgRQIuVTIe5OIqWAcjTvzbxVm9ela9dZprYv6qKkkvMlNBqTjdp7h5oaStoCunMUtESkTr8aZX7KsLvlkYf7aHgclqknsyPmaGdzG4u8rgf7N9DludtsZI-8X0TIQFILFluTlS0VjA4DIacYwAEEQQ6ZIuboKwA27JDV5wu6aUCY:1p68Ef:-qUFGzUo_MNA9vJR2Od48fMj1rKVR2ubTaqqG_kiWl8",
      "expire_date": "2022-12-30T10:46:37.453Z"
    }
  },
  {
    "model": "sessions.session",
    "pk": "2pkgkqso8ufln7f9nx4y6rdbkfxb5jvi",
    "fields": {
      "session_data": ".eJxVjTsOwjAQRO_iGltm_dmYkp4zRN71mgRQIuVTIe5OIqWAcjTvzbxVm9ela9dZprYv6qKkkvMlNBqTjdp7h5oaStoCunMUtESkTr8aZX7KsLvlkYf7aHgclqknsyPmaGdzG4u8rgf7N9DludtsZI-8X0TIQFILFluTlS0VjA4DIacYwAEEQQ6ZIuboKwA27JDV5wu6aUCY:1p68Eh:A7jifIQomcrbvlV4gHaf26tLNImKflJqyOo9XPLAoNY",
      "expire_date": "2022-12-30T10:46:39.566Z"
    }
  },
  {
    "model": "sessions.session",
    "pk": "2u9v62edt8s9uicteaai7ptjntul8wib",
    "fields": {
      "session_data": ".eJxVjTsOwjAQRO_iGltm_dmYkp4zRN71mgRQIuVTIe5OIqWAcjTvzbxVm9ela9dZprYv6qKkkvMlNBqTjdp7h5oaStoCunMUtESkTr8aZX7KsLvlkYf7aHgclqknsyPmaGdzG4u8rgf7N9DludtsZI-8X0TIQFILFluTlS0VjA4DIacYwAEEQQ6ZIuboKwA27JDV5wu6aUCY:1p68Ib:XUjGkNMh3jX9gmwM8GRB4w3qUj1qtpBH6VXpX2WGdkI",
      "expire_date": "2022-12-30T10:50:41.317Z"
    }
  },
  {
    "model": "sessions.session",
    "pk": "2w8qujgwnb1cpcddqrp9kmb13ui8hd0p",
    "fields": {
      "session_data": ".eJxVjTsOwjAQRO_iGltm_dmYkp4zRN71mgRQIuVTIe5OIqWAcjTvzbxVm9ela9dZprYv6qKkkvMlNBqTjdp7h5oaStoCunMUtESkTr8aZX7KsLvlkYf7aHgclqknsyPmaGdzG4u8rgf7N9DludtsZI-8X0TIQFILFluTlS0VjA4DIacYwAEEQQ6ZIuboKwA27JDV5wu6aUCY:1p68Fp:zrUUUc7hn6S6hly7zckGSqbbzwRlQUjtjYMd7OgqBAs",
      "expire_date": "2022-12-30T10:47:49.784Z"
    }
  },
  {
    "model": "sessions.session",
    "pk": "2ywemb9z8zdt9vrg0drzutorjugn1l7s",
    "fields": {
      "session_data": ".eJxVjTsOwjAQRO_iGltm_dmYkp4zRN71mgRQIuVTIe5OIqWAcjTvzbxVm9ela9dZprYv6qKkkvMlNBqTjdp7h5oaStoCunMUtESkTr8aZX7KsLvlkYf7aHgclqknsyPmaGdzG4u8rgf7N9DludtsZI-8X0TIQFILFluTlS0VjA4DIacYwAEEQQ6ZIuboKwA27JDV5wu6aUCY:1p681b:ePFhdLnF1Qds-F18y-e_znbAxTCL83XfANN6wkr5-Kc",
      "expire_date": "2022-12-30T10:33:07.280Z"
    }
  },
  {
    "model": "sessions.session",
    "pk": "32qmm733m9xz37bc1illxuswybdmwoks",
    "fields": {
      "session_data": ".eJxVjTsOwjAQRO_iGltm_dmYkp4zRN71mgRQIuVTIe5OIqWAcjTvzbxVm9ela9dZprYv6qKkkvMlNBqTjdp7h5oaStoCunMUtESkTr8aZX7KsLvlkYf7aHgclqknsyPmaGdzG4u8rgf7N9DludtsZI-8X0TIQFILFluTlS0VjA4DIacYwAEEQQ6ZIuboKwA27JDV5wu6aUCY:1p68Gn:FdzQm7qcdHyQsn2-G1D6cJA_BhDQg3-oqswY3pL-ztI",
      "expire_date": "2022-12-30T10:48:49.990Z"
    }
  },
  {
    "model": "sessions.session",
    "pk": "35l7wiuxaffj2wmyz2eyv3tz3c307t8j",
    "fields": {
      "session_data": ".eJxVjTsOwjAQRO_iGltm_dmYkp4zRN71mgRQIuVTIe5OIqWAcjTvzbxVm9ela9dZprYv6qKkkvMlNBqTjdp7h5oaStoCunMUtESkTr8aZX7KsLvlkYf7aHgclqknsyPmaGdzG4u8rgf7N9DludtsZI-8X0TIQFILFluTlS0VjA4DIacYwAEEQQ6ZIuboKwA27JDV5wu6aUCY:1p5t85:1537_0Ro5zHA5pz7fNOixMKWfJZSWOPVS28Gnq9_gIo",
      "expire_date": "2022-12-29T18:38:49.441Z"
    }
  },
  {
    "model": "sessions.session",
    "pk": "3auzbskvsq7xgtg0h8ec42rxre801ft9",
    "fields": {
      "session_data": ".eJxVjTsOwjAQRO_iGltm_dmYkp4zRN71mgRQIuVTIe5OIqWAcjTvzbxVm9ela9dZprYv6qKkkvMlNBqTjdp7h5oaStoCunMUtESkTr8aZX7KsLvlkYf7aHgclqknsyPmaGdzG4u8rgf7N9DludtsZI-8X0TIQFILFluTlS0VjA4DIacYwAEEQQ6ZIuboKwA27JDV5wu6aUCY:1pCRdh:MfrzXIdNO3JTA6hBw1ydNdOn5mzqPRkX9MvbEDDnzUE",
      "expire_date": "2023-01-16T20:42:33.687Z"
    }
  },
  {
    "model": "sessions.session",
    "pk": "3drhon61vmfcepnap9ssubsopce1kb3e",
    "fields": {
      "session_data": ".eJxVjTsOwjAQRO_iGltm_dmYkp4zRN71mgRQIuVTIe5OIqWAcjTvzbxVm9ela9dZprYv6qKkkvMlNBqTjdp7h5oaStoCunMUtESkTr8aZX7KsLvlkYf7aHgclqknsyPmaGdzG4u8rgf7N9DludtsZI-8X0TIQFILFluTlS0VjA4DIacYwAEEQQ6ZIuboKwA27JDV5wu6aUCY:1p684g:A9UTDDGvRXxSoEc_vMxIKBUF717ZAVh1XePgMOCgPwI",
      "expire_date": "2022-12-30T10:36:18.265Z"
    }
  },
  {
    "model": "sessions.session",
    "pk": "3g0uv1l6iqo921kvenrizup6rkyhmoxs",
    "fields": {
      "session_data": ".eJxVjTsOwjAQRO_iGltm_dmYkp4zRN71mgRQIuVTIe5OIqWAcjTvzbxVm9ela9dZprYv6qKkkvMlNBqTjdp7h5oaStoCunMUtESkTr8aZX7KsLvlkYf7aHgclqknsyPmaGdzG4u8rgf7N9DludtsZI-8X0TIQFILFluTlS0VjA4DIacYwAEEQQ6ZIuboKwA27JDV5wu6aUCY:1pACpJ:dCSPxMfinXSrmgrtDhkpV6GqfgsfDc9WVbMLZURt8-c",
      "expire_date": "2023-01-10T16:29:17.588Z"
    }
  },
  {
    "model": "sessions.session",
    "pk": "3vozuo26ukxytm494n1hc82lju1g36fq",
    "fields": {
      "session_data": ".eJxVjTsOwjAQRO_iGltm_dmYkp4zRN71mgRQIuVTIe5OIqWAcjTvzbxVm9ela9dZprYv6qKkkvMlNBqTjdp7h5oaStoCunMUtESkTr8aZX7KsLvlkYf7aHgclqknsyPmaGdzG4u8rgf7N9DludtsZI-8X0TIQFILFluTlS0VjA4DIacYwAEEQQ6ZIuboKwA27JDV5wu6aUCY:1pDKsW:PvFcYAIumdS80Qryji8qOMXbxn1aspCmlYOWFYIylH0",
      "expire_date": "2023-01-19T07:41:32.499Z"
    }
  },
  {
    "model": "sessions.session",
    "pk": "3xgm6h2zgbkq3tegn3odpcmrchjkf20a",
    "fields": {
      "session_data": ".eJxVjTsOwjAQRO_iGltm_dmYkp4zRN71mgRQIuVTIe5OIqWAcjTvzbxVm9ela9dZprYv6qKkkvMlNBqTjdp7h5oaStoCunMUtESkTr8aZX7KsLvlkYf7aHgclqknsyPmaGdzG4u8rgf7N9DludtsZI-8X0TIQFILFluTlS0VjA4DIacYwAEEQQ6ZIuboKwA27JDV5wu6aUCY:1p6CGt:dzd0Ecybp-ONANL7hMhn8uY5kia4Fz2CGTAzNDNbOuY",
      "expire_date": "2022-12-30T15:05:11.886Z"
    }
  },
  {
    "model": "sessions.session",
    "pk": "41pg4tppt7uiv90wiwhh24pyuggyghuo",
    "fields": {
      "session_data": ".eJxVjTsOwjAQRO_iGltm_dmYkp4zRN71mgRQIuVTIe5OIqWAcjTvzbxVm9ela9dZprYv6qKkkvMlNBqTjdp7h5oaStoCunMUtESkTr8aZX7KsLvlkYf7aHgclqknsyPmaGdzG4u8rgf7N9DludtsZI-8X0TIQFILFluTlS0VjA4DIacYwAEEQQ6ZIuboKwA27JDV5wu6aUCY:1pDLfj:PGMDm_ZVFpUKK4a3EYysbDC6HCBVNf8on3qG_Elfko8",
      "expire_date": "2023-01-19T08:32:23.109Z"
    }
  },
  {
    "model": "sessions.session",
    "pk": "44g9ga43boyh3ryz105ap9gjpcmwsf09",
    "fields": {
      "session_data": ".eJxVjTsOwjAQRO_iGltm_dmYkp4zRN71mgRQIuVTIe5OIqWAcjTvzbxVm9ela9dZprYv6qKkkvMlNBqTjdp7h5oaStoCunMUtESkTr8aZX7KsLvlkYf7aHgclqknsyPmaGdzG4u8rgf7N9DludtsZI-8X0TIQFILFluTlS0VjA4DIacYwAEEQQ6ZIuboKwA27JDV5wu6aUCY:1p68Gs:Qkz70fJbqr0btfNMgf1_wOlOCI1MRc70fsuEl-F98P4",
      "expire_date": "2022-12-30T10:48:54.618Z"
    }
  },
  {
    "model": "sessions.session",
    "pk": "4kxkw0w82d1kp8hupl7ypc5yl8rpaugd",
    "fields": {
      "session_data": ".eJxVjTsOwjAQRO_iGltm_dmYkp4zRN71mgRQIuVTIe5OIqWAcjTvzbxVm9ela9dZprYv6qKkkvMlNBqTjdp7h5oaStoCunMUtESkTr8aZX7KsLvlkYf7aHgclqknsyPmaGdzG4u8rgf7N9DludtsZI-8X0TIQFILFluTlS0VjA4DIacYwAEEQQ6ZIuboKwA27JDV5wu6aUCY:1p68HD:kIls4ekX04Fwm3bw_9mkTuZRChGY0tTHZj63LFGz6TQ",
      "expire_date": "2022-12-30T10:49:15.311Z"
    }
  },
  {
    "model": "sessions.session",
    "pk": "4mfuhnn6552fg5qr43yibfkiufhmqi2z",
    "fields": {
      "session_data": ".eJxVjTsOwjAQRO_iGltm_dmYkp4zRN71mgRQIuVTIe5OIqWAcjTvzbxVm9ela9dZprYv6qKkkvMlNBqTjdp7h5oaStoCunMUtESkTr8aZX7KsLvlkYf7aHgclqknsyPmaGdzG4u8rgf7N9DludtsZI-8X0TIQFILFluTlS0VjA4DIacYwAEEQQ6ZIuboKwA27JDV5wu6aUCY:1p684g:A9UTDDGvRXxSoEc_vMxIKBUF717ZAVh1XePgMOCgPwI",
      "expire_date": "2022-12-30T10:36:18.918Z"
    }
  },
  {
    "model": "sessions.session",
    "pk": "4ym8hvpc4yjvsnhdwhjckvqn1qjror8a",
    "fields": {
      "session_data": ".eJxVjTsOwjAQRO_iGltm_dmYkp4zRN71mgRQIuVTIe5OIqWAcjTvzbxVm9ela9dZprYv6qKkkvMlNBqTjdp7h5oaStoCunMUtESkTr8aZX7KsLvlkYf7aHgclqknsyPmaGdzG4u8rgf7N9DludtsZI-8X0TIQFILFluTlS0VjA4DIacYwAEEQQ6ZIuboKwA27JDV5wu6aUCY:1p68Ec:mCrZpXevmsFK31Al_yqove-v0f4UR_5HrM750SKv2tA",
      "expire_date": "2022-12-30T10:46:34.576Z"
    }
  },
  {
    "model": "sessions.session",
    "pk": "5682mmbbdibhp9v0rcbsx5gyheco1txt",
    "fields": {
      "session_data": ".eJxVjTsOwjAQRO_iGltm_dmYkp4zRN71mgRQIuVTIe5OIqWAcjTvzbxVm9ela9dZprYv6qKkkvMlNBqTjdp7h5oaStoCunMUtESkTr8aZX7KsLvlkYf7aHgclqknsyPmaGdzG4u8rgf7N9DludtsZI-8X0TIQFILFluTlS0VjA4DIacYwAEEQQ6ZIuboKwA27JDV5wu6aUCY:1p68F5:GviXYQGNoJ9W7xx9asRBg3nfa_FuAh0tyrOVMl8L0Nw",
      "expire_date": "2022-12-30T10:47:03.446Z"
    }
  },
  {
    "model": "sessions.session",
    "pk": "5a31i1jw0hp50mfh8yqbgkv1ib7fo7in",
    "fields": {
      "session_data": ".eJxVjTsOwjAQRO_iGltm_dmYkp4zRN71mgRQIuVTIe5OIqWAcjTvzbxVm9ela9dZprYv6qKkkvMlNBqTjdp7h5oaStoCunMUtESkTr8aZX7KsLvlkYf7aHgclqknsyPmaGdzG4u8rgf7N9DludtsZI-8X0TIQFILFluTlS0VjA4DIacYwAEEQQ6ZIuboKwA27JDV5wu6aUCY:1p69dW:AGVzRIg51tAMYHfRhKsl3OXg_JEKZI6cCYoKIh68t9g",
      "expire_date": "2022-12-30T12:16:22.224Z"
    }
  },
  {
    "model": "sessions.session",
    "pk": "5ezlii9cf2m6rnt52u2nyc5w6pnt3dxq",
    "fields": {
      "session_data": ".eJxVjTsOwjAQRO_iGltm_dmYkp4zRN71mgRQIuVTIe5OIqWAcjTvzbxVm9ela9dZprYv6qKkkvMlNBqTjdp7h5oaStoCunMUtESkTr8aZX7KsLvlkYf7aHgclqknsyPmaGdzG4u8rgf7N9DludtsZI-8X0TIQFILFluTlS0VjA4DIacYwAEEQQ6ZIuboKwA27JDV5wu6aUCY:1p6AVz:_SfmuC4fouxzHVgfVhg5fKASxXRpm42nR_aYwhihQrQ",
      "expire_date": "2022-12-30T13:12:39.523Z"
    }
  },
  {
    "model": "sessions.session",
    "pk": "5i0rkhno83k0vr7af09opu34y03sqjl2",
    "fields": {
      "session_data": ".eJxVjTsOwjAQRO_iGltm_dmYkp4zRN71mgRQIuVTIe5OIqWAcjTvzbxVm9ela9dZprYv6qKkkvMlNBqTjdp7h5oaStoCunMUtESkTr8aZX7KsLvlkYf7aHgclqknsyPmaGdzG4u8rgf7N9DludtsZI-8X0TIQFILFluTlS0VjA4DIacYwAEEQQ6ZIuboKwA27JDV5wu6aUCY:1p68Ef:-qUFGzUo_MNA9vJR2Od48fMj1rKVR2ubTaqqG_kiWl8",
      "expire_date": "2022-12-30T10:46:37.380Z"
    }
  },
  {
    "model": "sessions.session",
    "pk": "5rycly2sn9vdpjayuu6hs0hjjtd1muzv",
    "fields": {
      "session_data": ".eJxVjTsOwjAQRO_iGltm_dmYkp4zRN71mgRQIuVTIe5OIqWAcjTvzbxVm9ela9dZprYv6qKkkvMlNBqTjdp7h5oaStoCunMUtESkTr8aZX7KsLvlkYf7aHgclqknsyPmaGdzG4u8rgf7N9DludtsZI-8X0TIQFILFluTlS0VjA4DIacYwAEEQQ6ZIuboKwA27JDV5wu6aUCY:1pACXO:IcMskSp1cAN9fpBM3dIMGlEnAw0ddFrUCPdlwzJYl08",
      "expire_date": "2023-01-10T16:10:46.191Z"
    }
  },
  {
    "model": "sessions.session",
    "pk": "5z67h5myvapdqhytxbl1oz3zeb085h3l",
    "fields": {
      "session_data": ".eJxVjTsOwjAQRO_iGltm_dmYkp4zRN71mgRQIuVTIe5OIqWAcjTvzbxVm9ela9dZprYv6qKkkvMlNBqTjdp7h5oaStoCunMUtESkTr8aZX7KsLvlkYf7aHgclqknsyPmaGdzG4u8rgf7N9DludtsZI-8X0TIQFILFluTlS0VjA4DIacYwAEEQQ6ZIuboKwA27JDV5wu6aUCY:1p7HwF:mravqC8eD6jyl05othqfu_EuLBREYwnfKgDsA8xeORE",
      "expire_date": "2023-01-02T15:20:23.133Z"
    }
  },
  {
    "model": "sessions.session",
    "pk": "613tfmve09jverrpf31c69wirt82r7ww",
    "fields": {
      "session_data": ".eJxVjTsOwjAQRO_iGltm_dmYkp4zRN71mgRQIuVTIe5OIqWAcjTvzbxVm9ela9dZprYv6qKkkvMlNBqTjdp7h5oaStoCunMUtESkTr8aZX7KsLvlkYf7aHgclqknsyPmaGdzG4u8rgf7N9DludtsZI-8X0TIQFILFluTlS0VjA4DIacYwAEEQQ6ZIuboKwA27JDV5wu6aUCY:1p66wf:9K40SKNEoPAmQ38FN12qJtz3-bX2Z0bpilyVTlsWq6I",
      "expire_date": "2022-12-30T09:23:57.050Z"
    }
  },
  {
    "model": "sessions.session",
    "pk": "630xvrgpqwi9k1wiuj8bgrye31xr7364",
    "fields": {
      "session_data": ".eJxVjTsOwjAQRO_iGltm_dmYkp4zRN71mgRQIuVTIe5OIqWAcjTvzbxVm9ela9dZprYv6qKkkvMlNBqTjdp7h5oaStoCunMUtESkTr8aZX7KsLvlkYf7aHgclqknsyPmaGdzG4u8rgf7N9DludtsZI-8X0TIQFILFluTlS0VjA4DIacYwAEEQQ6ZIuboKwA27JDV5wu6aUCY:1p6CGW:WuPeqmONVjKjZn8KYYvBDe39ZLbVU_SannTU2OV8KV4",
      "expire_date": "2022-12-30T15:04:48.329Z"
    }
  },
  {
    "model": "sessions.session",
    "pk": "6bar3asem73n8n39yf3m8980vzgoce0d",
    "fields": {
      "session_data": ".eJxVjTsOwjAQRO_iGltm_dmYkp4zRN71mgRQIuVTIe5OIqWAcjTvzbxVm9ela9dZprYv6qKkkvMlNBqTjdp7h5oaStoCunMUtESkTr8aZX7KsLvlkYf7aHgclqknsyPmaGdzG4u8rgf7N9DludtsZI-8X0TIQFILFluTlS0VjA4DIacYwAEEQQ6ZIuboKwA27JDV5wu6aUCY:1p68Fj:U_fRf8RpUMFsRD5Dz4zIRzAfKzeKELnXJVs-uJHURk0",
      "expire_date": "2022-12-30T10:47:43.373Z"
    }
  },
  {
    "model": "sessions.session",
    "pk": "6bki6ea0cugalpr1de611pdnyms6sfzj",
    "fields": {
      "session_data": ".eJxVjTsOwjAQRO_iGltm_dmYkp4zRN71mgRQIuVTIe5OIqWAcjTvzbxVm9ela9dZprYv6qKkkvMlNBqTjdp7h5oaStoCunMUtESkTr8aZX7KsLvlkYf7aHgclqknsyPmaGdzG4u8rgf7N9DludtsZI-8X0TIQFILFluTlS0VjA4DIacYwAEEQQ6ZIuboKwA27JDV5wu6aUCY:1p71LQ:4EqZvM32os3FoHxGhRhSEqB3AfeG5ZZjPKh3ddI9sSY",
      "expire_date": "2023-01-01T21:37:16.688Z"
    }
  },
  {
    "model": "sessions.session",
    "pk": "6lut3miw528rgl7htkh731pm4ojtn9sb",
    "fields": {
      "session_data": ".eJxVjTsOwjAQRO_iGltm_dmYkp4zRN71mgRQIuVTIe5OIqWAcjTvzbxVm9ela9dZprYv6qKkkvMlNBqTjdp7h5oaStoCunMUtESkTr8aZX7KsLvlkYf7aHgclqknsyPmaGdzG4u8rgf7N9DludtsZI-8X0TIQFILFluTlS0VjA4DIacYwAEEQQ6ZIuboKwA27JDV5wu6aUCY:1p5wOD:iouoLWd1JwX7sY_VjoRRG3dPjnJMuCYVb01D3n3--vM",
      "expire_date": "2022-12-29T22:07:41.091Z"
    }
  },
  {
    "model": "sessions.session",
    "pk": "6w99ot1p4zsigqdjjrsijn5xyv0o3poo",
    "fields": {
      "session_data": ".eJxVjTsOwjAQRO_iGltm_dmYkp4zRN71mgRQIuVTIe5OIqWAcjTvzbxVm9ela9dZprYv6qKkkvMlNBqTjdp7h5oaStoCunMUtESkTr8aZX7KsLvlkYf7aHgclqknsyPmaGdzG4u8rgf7N9DludtsZI-8X0TIQFILFluTlS0VjA4DIacYwAEEQQ6ZIuboKwA27JDV5wu6aUCY:1pCL5r:3KXRBvYTapHGlru5iJjlzP_gtvqZ0WYAdX9dSToAwjk",
      "expire_date": "2023-01-16T13:43:11.765Z"
    }
  },
  {
    "model": "sessions.session",
    "pk": "75hcgu0w9h2xdtw8r11eyyix2ma6tc0j",
    "fields": {
      "session_data": ".eJxVjTsOwjAQRO_iGltm_dmYkp4zRN71mgRQIuVTIe5OIqWAcjTvzbxVm9ela9dZprYv6qKkkvMlNBqTjdp7h5oaStoCunMUtESkTr8aZX7KsLvlkYf7aHgclqknsyPmaGdzG4u8rgf7N9DludtsZI-8X0TIQFILFluTlS0VjA4DIacYwAEEQQ6ZIuboKwA27JDV5wu6aUCY:1p6694:zVUHuIZoyvOKj0GVZQ1xfZsIm8IGkUZx-_DPA74eqZY",
      "expire_date": "2022-12-30T08:32:42.393Z"
    }
  },
  {
    "model": "sessions.session",
    "pk": "7ed7trdjlt7bz0llol5a96r8vjc0iuf3",
    "fields": {
      "session_data": ".eJxVjTsOwjAQRO_iGltm_dmYkp4zRN71mgRQIuVTIe5OIqWAcjTvzbxVm9ela9dZprYv6qKkkvMlNBqTjdp7h5oaStoCunMUtESkTr8aZX7KsLvlkYf7aHgclqknsyPmaGdzG4u8rgf7N9DludtsZI-8X0TIQFILFluTlS0VjA4DIacYwAEEQQ6ZIuboKwA27JDV5wu6aUCY:1p68Gq:mdSoma-Nz-r5Ij--RTBCoPgzd0ofz8A5m1BiJOtOJMw",
      "expire_date": "2022-12-30T10:48:52.252Z"
    }
  },
  {
    "model": "sessions.session",
    "pk": "7m04eugz51orzzpbhfpyzrek4mx39iae",
    "fields": {
      "session_data": ".eJxVjTsOwjAQRO_iGltm_dmYkp4zRN71mgRQIuVTIe5OIqWAcjTvzbxVm9ela9dZprYv6qKkkvMlNBqTjdp7h5oaStoCunMUtESkTr8aZX7KsLvlkYf7aHgclqknsyPmaGdzG4u8rgf7N9DludtsZI-8X0TIQFILFluTlS0VjA4DIacYwAEEQQ6ZIuboKwA27JDV5wu6aUCY:1p69bS:wmbJyeWyUTIhLw_rkaNK_g57GQDjmxHkacdJjnCnysI",
      "expire_date": "2022-12-30T12:14:14.208Z"
    }
  },
  {
    "model": "sessions.session",
    "pk": "7uyif4i439oji99rwlr9ndsnnw1i8wtq",
    "fields": {
      "session_data": ".eJxVjTsOwjAQRO_iGltm_dmYkp4zRN71mgRQIuVTIe5OIqWAcjTvzbxVm9ela9dZprYv6qKkkvMlNBqTjdp7h5oaStoCunMUtESkTr8aZX7KsLvlkYf7aHgclqknsyPmaGdzG4u8rgf7N9DludtsZI-8X0TIQFILFluTlS0VjA4DIacYwAEEQQ6ZIuboKwA27JDV5wu6aUCY:1p8Z8X:58TiccmDPwmglwCYJj7TODdXpw16_3Z5eZjXo_XtgRk",
      "expire_date": "2023-01-06T03:54:21.516Z"
    }
  },
  {
    "model": "sessions.session",
    "pk": "7yz9559dxqyczlugul3wh977wdzx7cb1",
    "fields": {
      "session_data": ".eJxVjTsOwjAQRO_iGltm_dmYkp4zRN71mgRQIuVTIe5OIqWAcjTvzbxVm9ela9dZprYv6qKkkvMlNBqTjdp7h5oaStoCunMUtESkTr8aZX7KsLvlkYf7aHgclqknsyPmaGdzG4u8rgf7N9DludtsZI-8X0TIQFILFluTlS0VjA4DIacYwAEEQQ6ZIuboKwA27JDV5wu6aUCY:1p692l:GIfcL4T24K9OwW6kqXxannXOpjIM8LVXNxRYxLbQGUo",
      "expire_date": "2022-12-30T11:38:23.069Z"
    }
  },
  {
    "model": "sessions.session",
    "pk": "82fdoiul1u363m3c0k66i4xzoroaealg",
    "fields": {
      "session_data": ".eJxVjTsOwjAQRO_iGltm_dmYkp4zRN71mgRQIuVTIe5OIqWAcjTvzbxVm9ela9dZprYv6qKkkvMlNBqTjdp7h5oaStoCunMUtESkTr8aZX7KsLvlkYf7aHgclqknsyPmaGdzG4u8rgf7N9DludtsZI-8X0TIQFILFluTlS0VjA4DIacYwAEEQQ6ZIuboKwA27JDV5wu6aUCY:1p666b:BM2DeTIVhaG1gLzFaY6chF9dING0Znwt509OwCQFe6M",
      "expire_date": "2022-12-30T08:30:09.242Z"
    }
  },
  {
    "model": "sessions.session",
    "pk": "85t6mn0cahdzqnapk5kz8wjddhszi4gc",
    "fields": {
      "session_data": ".eJxVjTsOwjAQRO_iGltm_dmYkp4zRN71mgRQIuVTIe5OIqWAcjTvzbxVm9ela9dZprYv6qKkkvMlNBqTjdp7h5oaStoCunMUtESkTr8aZX7KsLvlkYf7aHgclqknsyPmaGdzG4u8rgf7N9DludtsZI-8X0TIQFILFluTlS0VjA4DIacYwAEEQQ6ZIuboKwA27JDV5wu6aUCY:1pEjmJ:X0pYhKr39cV4WvUPWiFDBSIgGmrUcTEXZleu6uu9EFk",
      "expire_date": "2023-01-23T04:28:55.704Z"
    }
  },
  {
    "model": "sessions.session",
    "pk": "86t2lrcsra4uvmrqidrszd6bgiuz8t44",
    "fields": {
      "session_data": ".eJxVjTsOwjAQRO_iGltm_dmYkp4zRN71mgRQIuVTIe5OIqWAcjTvzbxVm9ela9dZprYv6qKkkvMlNBqTjdp7h5oaStoCunMUtESkTr8aZX7KsLvlkYf7aHgclqknsyPmaGdzG4u8rgf7N9DludtsZI-8X0TIQFILFluTlS0VjA4DIacYwAEEQQ6ZIuboKwA27JDV5wu6aUCY:1p6AVz:_SfmuC4fouxzHVgfVhg5fKASxXRpm42nR_aYwhihQrQ",
      "expire_date": "2022-12-30T13:12:39.611Z"
    }
  },
  {
    "model": "sessions.session",
    "pk": "89in525k8leoz7tyoew4a6s99lgx4azm",
    "fields": {
      "session_data": ".eJxVjTsOwjAQRO_iGltm_dmYkp4zRN71mgRQIuVTIe5OIqWAcjTvzbxVm9ela9dZprYv6qKkkvMlNBqTjdp7h5oaStoCunMUtESkTr8aZX7KsLvlkYf7aHgclqknsyPmaGdzG4u8rgf7N9DludtsZI-8X0TIQFILFluTlS0VjA4DIacYwAEEQQ6ZIuboKwA27JDV5wu6aUCY:1p7CAP:T0BaPioousn3NH_zZC7hvOWgjQcjaVLLyKFf9SlpGmk",
      "expire_date": "2023-01-02T09:10:37.022Z"
    }
  },
  {
    "model": "sessions.session",
    "pk": "8a34jj9a3pfdd21v1brxx6ifbhd88piq",
    "fields": {
      "session_data": ".eJxVjTsOwjAQRO_iGltm_dmYkp4zRN71mgRQIuVTIe5OIqWAcjTvzbxVm9ela9dZprYv6qKkkvMlNBqTjdp7h5oaStoCunMUtESkTr8aZX7KsLvlkYf7aHgclqknsyPmaGdzG4u8rgf7N9DludtsZI-8X0TIQFILFluTlS0VjA4DIacYwAEEQQ6ZIuboKwA27JDV5wu6aUCY:1p7181:hLfjRjeDsSbtBJhYkXGKR8F3ZNNAXCVwCE9gevPvFJo",
      "expire_date": "2023-01-01T21:23:25.218Z"
    }
  },
  {
    "model": "sessions.session",
    "pk": "8akwvr9p28zyh73wqvzn3iki6p5gmhrr",
    "fields": {
      "session_data": ".eJxVjTsOwjAQRO_iGltm_dmYkp4zRN71mgRQIuVTIe5OIqWAcjTvzbxVm9ela9dZprYv6qKkkvMlNBqTjdp7h5oaStoCunMUtESkTr8aZX7KsLvlkYf7aHgclqknsyPmaGdzG4u8rgf7N9DludtsZI-8X0TIQFILFluTlS0VjA4DIacYwAEEQQ6ZIuboKwA27JDV5wu6aUCY:1pDKtJ:iLD5ImHyIQMOp7pL7v1kwBaEgNaI1n8qboEhEDkgN0E",
      "expire_date": "2023-01-19T07:42:21.901Z"
    }
  },
  {
    "model": "sessions.session",
    "pk": "8bxxgqfsk69wouqsb51ewxbf4jyle297",
    "fields": {
      "session_data": ".eJxVjTsOwjAQRO_iGltm_dmYkp4zRN71mgRQIuVTIe5OIqWAcjTvzbxVm9ela9dZprYv6qKkkvMlNBqTjdp7h5oaStoCunMUtESkTr8aZX7KsLvlkYf7aHgclqknsyPmaGdzG4u8rgf7N9DludtsZI-8X0TIQFILFluTlS0VjA4DIacYwAEEQQ6ZIuboKwA27JDV5wu6aUCY:1pD0rm:JwOa_jopvhNZosPw5DYTdxLBcC-cmT3wJHmVRKSmwPE",
      "expire_date": "2023-01-18T10:19:26.476Z"
    }
  },
  {
    "model": "sessions.session",
    "pk": "8gmo20gfx03p6a0tfl4cc0vsxa2rafjk",
    "fields": {
      "session_data": ".eJxVjTsOwjAQRO_iGltm_dmYkp4zRN71mgRQIuVTIe5OIqWAcjTvzbxVm9ela9dZprYv6qKkkvMlNBqTjdp7h5oaStoCunMUtESkTr8aZX7KsLvlkYf7aHgclqknsyPmaGdzG4u8rgf7N9DludtsZI-8X0TIQFILFluTlS0VjA4DIacYwAEEQQ6ZIuboKwA27JDV5wu6aUCY:1pCRdh:MfrzXIdNO3JTA6hBw1ydNdOn5mzqPRkX9MvbEDDnzUE",
      "expire_date": "2023-01-16T20:42:33.687Z"
    }
  },
  {
    "model": "sessions.session",
    "pk": "8js79lmorjfw6qg3jgy3wf7e9uf6vi7x",
    "fields": {
      "session_data": ".eJxVjTsOwjAQRO_iGltm_dmYkp4zRN71mgRQIuVTIe5OIqWAcjTvzbxVm9ela9dZprYv6qKkkvMlNBqTjdp7h5oaStoCunMUtESkTr8aZX7KsLvlkYf7aHgclqknsyPmaGdzG4u8rgf7N9DludtsZI-8X0TIQFILFluTlS0VjA4DIacYwAEEQQ6ZIuboKwA27JDV5wu6aUCY:1p6BJc:WmWkYVWFFHBNh8MImzPNIPQaRONBb2maHKmYHueek6k",
      "expire_date": "2022-12-30T14:03:56.981Z"
    }
  },
  {
    "model": "sessions.session",
    "pk": "8m1fbmb57ta2m8bcrpke0o2zpdvq8lot",
    "fields": {
      "session_data": ".eJxVjTsOwjAQRO_iGltm_dmYkp4zRN71mgRQIuVTIe5OIqWAcjTvzbxVm9ela9dZprYv6qKkkvMlNBqTjdp7h5oaStoCunMUtESkTr8aZX7KsLvlkYf7aHgclqknsyPmaGdzG4u8rgf7N9DludtsZI-8X0TIQFILFluTlS0VjA4DIacYwAEEQQ6ZIuboKwA27JDV5wu6aUCY:1p67fE:MvMVDAfPjYRqaFvgy8Av2HQVl7YVJXwf3jom7Ewv11A",
      "expire_date": "2022-12-30T10:10:00.328Z"
    }
  },
  {
    "model": "sessions.session",
    "pk": "8pj32d623k605a6wq5ea7y80jnjmwzqt",
    "fields": {
      "session_data": ".eJxVjTsOwjAQRO_iGltm_dmYkp4zRN71mgRQIuVTIe5OIqWAcjTvzbxVm9ela9dZprYv6qKkkvMlNBqTjdp7h5oaStoCunMUtESkTr8aZX7KsLvlkYf7aHgclqknsyPmaGdzG4u8rgf7N9DludtsZI-8X0TIQFILFluTlS0VjA4DIacYwAEEQQ6ZIuboKwA27JDV5wu6aUCY:1p684e:OADpmR2oAfByFs5hy1MK7hiYIloy3OgzB_UtK82DWa8",
      "expire_date": "2022-12-30T10:36:16.018Z"
    }
  },
  {
    "model": "sessions.session",
    "pk": "8wgdox8fp5jjmz5i5zo12602wunl7e0a",
    "fields": {
      "session_data": ".eJxVjTsOwjAQRO_iGltm_dmYkp4zRN71mgRQIuVTIe5OIqWAcjTvzbxVm9ela9dZprYv6qKkkvMlNBqTjdp7h5oaStoCunMUtESkTr8aZX7KsLvlkYf7aHgclqknsyPmaGdzG4u8rgf7N9DludtsZI-8X0TIQFILFluTlS0VjA4DIacYwAEEQQ6ZIuboKwA27JDV5wu6aUCY:1p6BJd:--p5xO0AXz-Zf8dUkbrKFUSrw8_AkmBdxAjNHTByY9w",
      "expire_date": "2022-12-30T14:03:57.148Z"
    }
  },
  {
    "model": "sessions.session",
    "pk": "94lzv0i1trks9qczkthcb2s68wgio3ys",
    "fields": {
      "session_data": ".eJxVzMsOwiAQheF3YW1JBxhgXLr3GRpgBls1bdLLyvju2qQLXZ__Oy_VpW3tu22RuRtYnRWACxEqNK5abJyppiEwvsmcQkCsIOjV6ZflVB4y7pbvabxNukzjOg9Z74k-1kVfJ5bn5Wj_Dvq09F8tZBkjURt9xAiEUSIZESbh4FK1QdoilAsVdggMtjpXxFBuISWf1fsDZ9NAsg:1pVRlG:Of4ehNPNVg_K-QZSQ5Uit29SM5ff1YTM2dHYhh179Ys",
      "expire_date": "2023-03-10T06:40:54.807Z"
    }
  },
  {
    "model": "sessions.session",
    "pk": "97x3ichz91z3ozc9ym1kfisnpnkmbc70",
    "fields": {
      "session_data": ".eJxVjTsOwjAQRO_iGltm_dmYkp4zRN71mgRQIuVTIe5OIqWAcjTvzbxVm9ela9dZprYv6qKkkvMlNBqTjdp7h5oaStoCunMUtESkTr8aZX7KsLvlkYf7aHgclqknsyPmaGdzG4u8rgf7N9DludtsZI-8X0TIQFILFluTlS0VjA4DIacYwAEEQQ6ZIuboKwA27JDV5wu6aUCY:1p66wf:9K40SKNEoPAmQ38FN12qJtz3-bX2Z0bpilyVTlsWq6I",
      "expire_date": "2022-12-30T09:23:57.060Z"
    }
  },
  {
    "model": "sessions.session",
    "pk": "9hcu2x6ex5vkeszot4dllv52z7f1cgxg",
    "fields": {
      "session_data": ".eJxVjTsOwjAQRO_iGltm_dmYkp4zRN71mgRQIuVTIe5OIqWAcjTvzbxVm9ela9dZprYv6qKkkvMlNBqTjdp7h5oaStoCunMUtESkTr8aZX7KsLvlkYf7aHgclqknsyPmaGdzG4u8rgf7N9DludtsZI-8X0TIQFILFluTlS0VjA4DIacYwAEEQQ6ZIuboKwA27JDV5wu6aUCY:1p67cL:CwvXJOp8i7xclgjBxBZKaRFs-YdiACuBrMMB6GF3jH0",
      "expire_date": "2022-12-30T10:07:01.693Z"
    }
  },
  {
    "model": "sessions.session",
    "pk": "a8bkioonvshyzuyyck04v8x8jj24u9zx",
    "fields": {
      "session_data": ".eJxVjTsOwjAQRO_iGltm_dmYkp4zRN71mgRQIuVTIe5OIqWAcjTvzbxVm9ela9dZprYv6qKkkvMlNBqTjdp7h5oaStoCunMUtESkTr8aZX7KsLvlkYf7aHgclqknsyPmaGdzG4u8rgf7N9DludtsZI-8X0TIQFILFluTlS0VjA4DIacYwAEEQQ6ZIuboKwA27JDV5wu6aUCY:1pJJg7:AGDbr08EkqGMOUEhjz6LBjurbwlN5EErYqsURWYiT_A",
      "expire_date": "2023-02-04T19:37:27.196Z"
    }
  },
  {
    "model": "sessions.session",
    "pk": "ab0013eh3zkcww2vdn3deyq9v5e7qi2f",
    "fields": {
      "session_data": ".eJxVjTsOwjAQRO_iGltm_dmYkp4zRN71mgRQIuVTIe5OIqWAcjTvzbxVm9ela9dZprYv6qKkkvMlNBqTjdp7h5oaStoCunMUtESkTr8aZX7KsLvlkYf7aHgclqknsyPmaGdzG4u8rgf7N9DludtsZI-8X0TIQFILFluTlS0VjA4DIacYwAEEQQ6ZIuboKwA27JDV5wu6aUCY:1p7CAP:T0BaPioousn3NH_zZC7hvOWgjQcjaVLLyKFf9SlpGmk",
      "expire_date": "2023-01-02T09:10:37.017Z"
    }
  },
  {
    "model": "sessions.session",
    "pk": "aclr582was2qqxyi01xj70fc3qunocu9",
    "fields": {
      "session_data": ".eJxVjTsOwjAQRO_iGltm_dmYkp4zRN71mgRQIuVTIe5OIqWAcjTvzbxVm9ela9dZprYv6qKkkvMlNBqTjdp7h5oaStoCunMUtESkTr8aZX7KsLvlkYf7aHgclqknsyPmaGdzG4u8rgf7N9DludtsZI-8X0TIQFILFluTlS0VjA4DIacYwAEEQQ6ZIuboKwA27JDV5wu6aUCY:1p68FI:AxfhIieDtkuJTFlgaJzN-CDl5RLR7D1KTpS-LXyCNDw",
      "expire_date": "2022-12-30T10:47:16.878Z"
    }
  },
  {
    "model": "sessions.session",
    "pk": "adiv6lxta8dslv8umivrjc83czdkxxg6",
    "fields": {
      "session_data": ".eJxVjTsOwjAQRO_iGltm_dmYkp4zRN71mgRQIuVTIe5OIqWAcjTvzbxVm9ela9dZprYv6qKkkvMlNBqTjdp7h5oaStoCunMUtESkTr8aZX7KsLvlkYf7aHgclqknsyPmaGdzG4u8rgf7N9DludtsZI-8X0TIQFILFluTlS0VjA4DIacYwAEEQQ6ZIuboKwA27JDV5wu6aUCY:1p68Fp:zrUUUc7hn6S6hly7zckGSqbbzwRlQUjtjYMd7OgqBAs",
      "expire_date": "2022-12-30T10:47:49.722Z"
    }
  },
  {
    "model": "sessions.session",
    "pk": "af719cx6a2bzqbd56vt8yeno874htdid",
    "fields": {
      "session_data": ".eJxVjTsOwjAQRO_iGltm_dmYkp4zRN71mgRQIuVTIe5OIqWAcjTvzbxVm9ela9dZprYv6qKkkvMlNBqTjdp7h5oaStoCunMUtESkTr8aZX7KsLvlkYf7aHgclqknsyPmaGdzG4u8rgf7N9DludtsZI-8X0TIQFILFluTlS0VjA4DIacYwAEEQQ6ZIuboKwA27JDV5wu6aUCY:1pCRle:PP2PBFhIPy3lxci2yegxSnoqB29fb4UAPn0x7lhjPhc",
      "expire_date": "2023-01-16T20:50:46.702Z"
    }
  },
  {
    "model": "sessions.session",
    "pk": "afpj3btbc20a53lgfzmvisudjqm8846o",
    "fields": {
      "session_data": ".eJxVjTsOwjAQRO_iGltm_dmYkp4zRN71mgRQIuVTIe5OIqWAcjTvzbxVm9ela9dZprYv6qKkkvMlNBqTjdp7h5oaStoCunMUtESkTr8aZX7KsLvlkYf7aHgclqknsyPmaGdzG4u8rgf7N9DludtsZI-8X0TIQFILFluTlS0VjA4DIacYwAEEQQ6ZIuboKwA27JDV5wu6aUCY:1p68Ic:Z2wcBFdvGwP4rLeVJcLEw_D7mKykHLxXmLJcySQ3Zi0",
      "expire_date": "2022-12-30T10:50:42.975Z"
    }
  },
  {
    "model": "sessions.session",
    "pk": "amqnotkb1pz33ev3we6nro268l9b987h",
    "fields": {
      "session_data": ".eJxVjTsOwjAQRO_iGltm_dmYkp4zRN71mgRQIuVTIe5OIqWAcjTvzbxVm9ela9dZprYv6qKkkvMlNBqTjdp7h5oaStoCunMUtESkTr8aZX7KsLvlkYf7aHgclqknsyPmaGdzG4u8rgf7N9DludtsZI-8X0TIQFILFluTlS0VjA4DIacYwAEEQQ6ZIuboKwA27JDV5wu6aUCY:1p68F3:3tqTWEEeL3aeReaIB6Jkv4ntxgHGk3kA5npK7W3vxQs",
      "expire_date": "2022-12-30T10:47:01.163Z"
    }
  },
  {
    "model": "sessions.session",
    "pk": "aqibvvme3onl5ysqm30v1prz0ydqh47h",
    "fields": {
      "session_data": ".eJxVjTsOwjAQRO_iGltm_dmYkp4zRN71mgRQIuVTIe5OIqWAcjTvzbxVm9ela9dZprYv6qKkkvMlNBqTjdp7h5oaStoCunMUtESkTr8aZX7KsLvlkYf7aHgclqknsyPmaGdzG4u8rgf7N9DludtsZI-8X0TIQFILFluTlS0VjA4DIacYwAEEQQ6ZIuboKwA27JDV5wu6aUCY:1p7CAL:DoxK_TQTcMPvM0VrLBKugJncsfYDacYJ6kLFUPuPki4",
      "expire_date": "2023-01-02T09:10:33.992Z"
    }
  },
  {
    "model": "sessions.session",
    "pk": "ayqjx4kpj59povlv9r1flziu7lgwsswm",
    "fields": {
      "session_data": ".eJxVjTsOwjAQRO_iGltm_dmYkp4zRN71mgRQIuVTIe5OIqWAcjTvzbxVm9ela9dZprYv6qKkkvMlNBqTjdp7h5oaStoCunMUtESkTr8aZX7KsLvlkYf7aHgclqknsyPmaGdzG4u8rgf7N9DludtsZI-8X0TIQFILFluTlS0VjA4DIacYwAEEQQ6ZIuboKwA27JDV5wu6aUCY:1p7CAM:C2gi5t5-0Mud1PdAZm-8rNykHX_tphm7YO8nCpH5LZE",
      "expire_date": "2023-01-02T09:10:34.294Z"
    }
  },
  {
    "model": "sessions.session",
    "pk": "b5pkv4fhm449b414uv802oz16mi075qo",
    "fields": {
      "session_data": ".eJxVjTsOwjAQRO_iGltm_dmYkp4zRN71mgRQIuVTIe5OIqWAcjTvzbxVm9ela9dZprYv6qKkkvMlNBqTjdp7h5oaStoCunMUtESkTr8aZX7KsLvlkYf7aHgclqknsyPmaGdzG4u8rgf7N9DludtsZI-8X0TIQFILFluTlS0VjA4DIacYwAEEQQ6ZIuboKwA27JDV5wu6aUCY:1p5SpC:cYjvUiBhochrnW4ipVV50NbeSyeyCOgWKHZVkkTFmuw",
      "expire_date": "2022-12-28T14:33:34.355Z"
    }
  },
  {
    "model": "sessions.session",
    "pk": "bccv6x6td4pn6l8qkv6emo5bzrarngoc",
    "fields": {
      "session_data": ".eJxVjTsOwjAQRO_iGltm_dmYkp4zRN71mgRQIuVTIe5OIqWAcjTvzbxVm9ela9dZprYv6qKkkvMlNBqTjdp7h5oaStoCunMUtESkTr8aZX7KsLvlkYf7aHgclqknsyPmaGdzG4u8rgf7N9DludtsZI-8X0TIQFILFluTlS0VjA4DIacYwAEEQQ6ZIuboKwA27JDV5wu6aUCY:1p66wf:9K40SKNEoPAmQ38FN12qJtz3-bX2Z0bpilyVTlsWq6I",
      "expire_date": "2022-12-30T09:23:57.058Z"
    }
  },
  {
    "model": "sessions.session",
    "pk": "bodh44sybl5pzkwef8gxdso9t57q7j5u",
    "fields": {
      "session_data": ".eJxVjTsOwjAQRO_iGltm_dmYkp4zRN71mgRQIuVTIe5OIqWAcjTvzbxVm9ela9dZprYv6qKkkvMlNBqTjdp7h5oaStoCunMUtESkTr8aZX7KsLvlkYf7aHgclqknsyPmaGdzG4u8rgf7N9DludtsZI-8X0TIQFILFluTlS0VjA4DIacYwAEEQQ6ZIuboKwA27JDV5wu6aUCY:1pCK5A:7n1hiH6uhTuyd0RZ9XmbSQjuGz6P9cvh88nd8wHSyJc",
      "expire_date": "2023-01-16T12:38:24.237Z"
    }
  },
  {
    "model": "sessions.session",
    "pk": "bpvikv8jder4p3bdwk9jdg8ufbzeehp1",
    "fields": {
      "session_data": ".eJxVjTsOwjAQRO_iGltm_dmYkp4zRN71mgRQIuVTIe5OIqWAcjTvzbxVm9ela9dZprYv6qKkkvMlNBqTjdp7h5oaStoCunMUtESkTr8aZX7KsLvlkYf7aHgclqknsyPmaGdzG4u8rgf7N9DludtsZI-8X0TIQFILFluTlS0VjA4DIacYwAEEQQ6ZIuboKwA27JDV5wu6aUCY:1p68Eh:A7jifIQomcrbvlV4gHaf26tLNImKflJqyOo9XPLAoNY",
      "expire_date": "2022-12-30T10:46:39.568Z"
    }
  },
  {
    "model": "sessions.session",
    "pk": "cjpwzvl1ozjhz9g83kh67at9zoxdxzq5",
    "fields": {
      "session_data": ".eJxVjTsOwjAQRO_iGltm_dmYkp4zRN71mgRQIuVTIe5OIqWAcjTvzbxVm9ela9dZprYv6qKkkvMlNBqTjdp7h5oaStoCunMUtESkTr8aZX7KsLvlkYf7aHgclqknsyPmaGdzG4u8rgf7N9DludtsZI-8X0TIQFILFluTlS0VjA4DIacYwAEEQQ6ZIuboKwA27JDV5wu6aUCY:1p7DCj:KA8cXLmdrelzvlAkzpdDv1wGP19wlCBo5PO5DSDfeYQ",
      "expire_date": "2023-01-02T10:17:05.562Z"
    }
  },
  {
    "model": "sessions.session",
    "pk": "dmzsnho6kjpusnmvgqlkp5lc91isgv83",
    "fields": {
      "session_data": ".eJxVjTsOwjAQRO_iGltm_dmYkp4zRN71mgRQIuVTIe5OIqWAcjTvzbxVm9ela9dZprYv6qKkkvMlNBqTjdp7h5oaStoCunMUtESkTr8aZX7KsLvlkYf7aHgclqknsyPmaGdzG4u8rgf7N9DludtsZI-8X0TIQFILFluTlS0VjA4DIacYwAEEQQ6ZIuboKwA27JDV5wu6aUCY:1pCRcy:nQcjSqFv5SzzGW_osY7tdFxF8yQf3h9uK7zFZAY6Wbo",
      "expire_date": "2023-01-16T20:41:48.929Z"
    }
  },
  {
    "model": "sessions.session",
    "pk": "ds0pw25owk27g2nt2dttqmedek4s0bvy",
    "fields": {
      "session_data": ".eJxVjTsOwjAQRO_iGltm_dmYkp4zRN71mgRQIuVTIe5OIqWAcjTvzbxVm9ela9dZprYv6qKkkvMlNBqTjdp7h5oaStoCunMUtESkTr8aZX7KsLvlkYf7aHgclqknsyPmaGdzG4u8rgf7N9DludtsZI-8X0TIQFILFluTlS0VjA4DIacYwAEEQQ6ZIuboKwA27JDV5wu6aUCY:1p68FO:Skfso_yniaxhtmY5JbtK_EsvtBmOyYbq_guSeE4_CiQ",
      "expire_date": "2022-12-30T10:47:22.235Z"
    }
  },
  {
    "model": "sessions.session",
    "pk": "e2fs9akwopvkuyk5ro2ycqfu18kieat0",
    "fields": {
      "session_data": ".eJxVzMsOwiAQheF3YW1JBxhgXLr3GRpgBls1bdLLyvju2qQLXZ__Oy_VpW3tu22RuRtYnRWACxEqNK5abJyppiEwvsmcQkCsIOjV6ZflVB4y7pbvabxNukzjOg9Z74k-1kVfJ5bn5Wj_Dvq09F8tZBkjURt9xAiEUSIZESbh4FK1QdoilAsVdggMtjpXxFBuISWf1fsDZ9NAsg:1pVQx3:71AJ71o-siHjbScgLtiXyQ9c8TAGct8Vm5j5ho9edwQ",
      "expire_date": "2023-03-10T05:49:01.390Z"
    }
  },
  {
    "model": "sessions.session",
    "pk": "e3k1otjmcvisnevf4i6godswj13v51s9",
    "fields": {
      "session_data": ".eJxVjTsOwjAQRO_iGltm_dmYkp4zRN71mgRQIuVTIe5OIqWAcjTvzbxVm9ela9dZprYv6qKkkvMlNBqTjdp7h5oaStoCunMUtESkTr8aZX7KsLvlkYf7aHgclqknsyPmaGdzG4u8rgf7N9DludtsZI-8X0TIQFILFluTlS0VjA4DIacYwAEEQQ6ZIuboKwA27JDV5wu6aUCY:1p67cL:CwvXJOp8i7xclgjBxBZKaRFs-YdiACuBrMMB6GF3jH0",
      "expire_date": "2022-12-30T10:07:01.670Z"
    }
  },
  {
    "model": "sessions.session",
    "pk": "e81s8yo8s9c8se68jqz4pqhsxzbtzgji",
    "fields": {
      "session_data": ".eJxVjTsOwjAQRO_iGltm_dmYkp4zRN71mgRQIuVTIe5OIqWAcjTvzbxVm9ela9dZprYv6qKkkvMlNBqTjdp7h5oaStoCunMUtESkTr8aZX7KsLvlkYf7aHgclqknsyPmaGdzG4u8rgf7N9DludtsZI-8X0TIQFILFluTlS0VjA4DIacYwAEEQQ6ZIuboKwA27JDV5wu6aUCY:1p666b:BM2DeTIVhaG1gLzFaY6chF9dING0Znwt509OwCQFe6M",
      "expire_date": "2022-12-30T08:30:09.243Z"
    }
  },
  {
    "model": "sessions.session",
    "pk": "ega6oqt0k6sbdu2bf0fsw7owbviahglj",
    "fields": {
      "session_data": ".eJxVjTsOwjAQRO_iGltm_dmYkp4zRN71mgRQIuVTIe5OIqWAcjTvzbxVm9ela9dZprYv6qKkkvMlNBqTjdp7h5oaStoCunMUtESkTr8aZX7KsLvlkYf7aHgclqknsyPmaGdzG4u8rgf7N9DludtsZI-8X0TIQFILFluTlS0VjA4DIacYwAEEQQ6ZIuboKwA27JDV5wu6aUCY:1p5t83:TuL8fhPnsYMl6Yn8Wu3yVlHDbbLCTxzhqgnLF9MqH5c",
      "expire_date": "2022-12-29T18:38:47.027Z"
    }
  },
  {
    "model": "sessions.session",
    "pk": "eiyd21mdxykvu3zks07gh9cmd4iblka0",
    "fields": {
      "session_data": ".eJxVjTsOwjAQRO_iGltm_dmYkp4zRN71mgRQIuVTIe5OIqWAcjTvzbxVm9ela9dZprYv6qKkkvMlNBqTjdp7h5oaStoCunMUtESkTr8aZX7KsLvlkYf7aHgclqknsyPmaGdzG4u8rgf7N9DludtsZI-8X0TIQFILFluTlS0VjA4DIacYwAEEQQ6ZIuboKwA27JDV5wu6aUCY:1p5t83:TuL8fhPnsYMl6Yn8Wu3yVlHDbbLCTxzhqgnLF9MqH5c",
      "expire_date": "2022-12-29T18:38:47.023Z"
    }
  },
  {
    "model": "sessions.session",
    "pk": "evmsfd061mnu84z0psn47efy9qvr5fw0",
    "fields": {
      "session_data": ".eJxVjTsOwjAQRO_iGltm_dmYkp4zRN71mgRQIuVTIe5OIqWAcjTvzbxVm9ela9dZprYv6qKkkvMlNBqTjdp7h5oaStoCunMUtESkTr8aZX7KsLvlkYf7aHgclqknsyPmaGdzG4u8rgf7N9DludtsZI-8X0TIQFILFluTlS0VjA4DIacYwAEEQQ6ZIuboKwA27JDV5wu6aUCY:1p68F5:GviXYQGNoJ9W7xx9asRBg3nfa_FuAh0tyrOVMl8L0Nw",
      "expire_date": "2022-12-30T10:47:03.463Z"
    }
  },
  {
    "model": "sessions.session",
    "pk": "evwh71c9a72wqt1bbdd3h1qo5phap8a7",
    "fields": {
      "session_data": ".eJxVjTsOwjAQRO_iGltm_dmYkp4zRN71mgRQIuVTIe5OIqWAcjTvzbxVm9ela9dZprYv6qKkkvMlNBqTjdp7h5oaStoCunMUtESkTr8aZX7KsLvlkYf7aHgclqknsyPmaGdzG4u8rgf7N9DludtsZI-8X0TIQFILFluTlS0VjA4DIacYwAEEQQ6ZIuboKwA27JDV5wu6aUCY:1p7vSO:apWrqDGjuV9CLZJaVf02Yhbw989c9b41KYYmeuFi2s8",
      "expire_date": "2023-01-04T09:32:12.395Z"
    }
  },
  {
    "model": "sessions.session",
    "pk": "ewpu78qbt1he88n03r0a1d6cmob1izzp",
    "fields": {
      "session_data": ".eJxVjTsOwjAQRO_iGltm_dmYkp4zRN71mgRQIuVTIe5OIqWAcjTvzbxVm9ela9dZprYv6qKkkvMlNBqTjdp7h5oaStoCunMUtESkTr8aZX7KsLvlkYf7aHgclqknsyPmaGdzG4u8rgf7N9DludtsZI-8X0TIQFILFluTlS0VjA4DIacYwAEEQQ6ZIuboKwA27JDV5wu6aUCY:1p4kSI:xR2HuIIjFwF8hkBPLeXEIr6c_wR4CHucybJCTkll_js",
      "expire_date": "2022-12-26T15:10:58.586Z"
    }
  },
  {
    "model": "sessions.session",
    "pk": "eyhpk97621qdljaxswcqw3mrle9s92nq",
    "fields": {
      "session_data": ".eJxVjTsOwjAQRO_iGltm_dmYkp4zRN71mgRQIuVTIe5OIqWAcjTvzbxVm9ela9dZprYv6qKkkvMlNBqTjdp7h5oaStoCunMUtESkTr8aZX7KsLvlkYf7aHgclqknsyPmaGdzG4u8rgf7N9DludtsZI-8X0TIQFILFluTlS0VjA4DIacYwAEEQQ6ZIuboKwA27JDV5wu6aUCY:1p86cv:bme51F40JKzmv7wXbkjFbBlQ2jwvePBOBEsf2wwLbck",
      "expire_date": "2023-01-04T21:27:49.100Z"
    }
  },
  {
    "model": "sessions.session",
    "pk": "f14afm5c7hz726e7rxjmom31yhljltnv",
    "fields": {
      "session_data": ".eJxVjTsOwjAQRO_iGltm_dmYkp4zRN71mgRQIuVTIe5OIqWAcjTvzbxVm9ela9dZprYv6qKkkvMlNBqTjdp7h5oaStoCunMUtESkTr8aZX7KsLvlkYf7aHgclqknsyPmaGdzG4u8rgf7N9DludtsZI-8X0TIQFILFluTlS0VjA4DIacYwAEEQQ6ZIuboKwA27JDV5wu6aUCY:1p681V:h858Jx7tMj0mjhFvLWJ-9eUeIixb3tCEbiU7FZC1JT0",
      "expire_date": "2022-12-30T10:33:01.642Z"
    }
  },
  {
    "model": "sessions.session",
    "pk": "fdo9n4gang37t0xoiccnzuv7v2v8skbv",
    "fields": {
      "session_data": ".eJxVjTsOwjAQRO_iGltm_dmYkp4zRN71mgRQIuVTIe5OIqWAcjTvzbxVm9ela9dZprYv6qKkkvMlNBqTjdp7h5oaStoCunMUtESkTr8aZX7KsLvlkYf7aHgclqknsyPmaGdzG4u8rgf7N9DludtsZI-8X0TIQFILFluTlS0VjA4DIacYwAEEQQ6ZIuboKwA27JDV5wu6aUCY:1pE709:DSrdsYxsQDJBTo1XuPv0K9hyR1NK3IHrlrW5Mtp5Sp8",
      "expire_date": "2023-01-21T11:04:37.333Z"
    }
  },
  {
    "model": "sessions.session",
    "pk": "feiwwc6xbuaj8kt583bua8ljo2mmyv0x",
    "fields": {
      "session_data": ".eJxVjTsOwjAQRO_iGltm_dmYkp4zRN71mgRQIuVTIe5OIqWAcjTvzbxVm9ela9dZprYv6qKkkvMlNBqTjdp7h5oaStoCunMUtESkTr8aZX7KsLvlkYf7aHgclqknsyPmaGdzG4u8rgf7N9DludtsZI-8X0TIQFILFluTlS0VjA4DIacYwAEEQQ6ZIuboKwA27JDV5wu6aUCY:1p67CD:8-V2KxLgRreiqaieK72-iKLkDwe8_9utHEJg3nQy8zs",
      "expire_date": "2022-12-30T09:40:01.042Z"
    }
  },
  {
    "model": "sessions.session",
    "pk": "fpvcxj0aezb3yssf4midhg63gspp4anc",
    "fields": {
      "session_data": ".eJxVjTsOwjAQRO_iGltm_dmYkp4zRN71mgRQIuVTIe5OIqWAcjTvzbxVm9ela9dZprYv6qKkkvMlNBqTjdp7h5oaStoCunMUtESkTr8aZX7KsLvlkYf7aHgclqknsyPmaGdzG4u8rgf7N9DludtsZI-8X0TIQFILFluTlS0VjA4DIacYwAEEQQ6ZIuboKwA27JDV5wu6aUCY:1p7HwE:PFW2Nj8J2mua8l_b7o06hVSTxyuCVhy8OCKJUuucbhA",
      "expire_date": "2023-01-02T15:20:22.548Z"
    }
  },
  {
    "model": "sessions.session",
    "pk": "g0xwg0e7irove5o4e0t31j76ksjmlawq",
    "fields": {
      "session_data": ".eJxVjTsOwjAQRO_iGltm_dmYkp4zRN71mgRQIuVTIe5OIqWAcjTvzbxVm9ela9dZprYv6qKkkvMlNBqTjdp7h5oaStoCunMUtESkTr8aZX7KsLvlkYf7aHgclqknsyPmaGdzG4u8rgf7N9DludtsZI-8X0TIQFILFluTlS0VjA4DIacYwAEEQQ6ZIuboKwA27JDV5wu6aUCY:1p69dN:iAAPQ6OUfb3QPdVRvxWTbQUBqO1s60EjllMQqvtdePc",
      "expire_date": "2022-12-30T12:16:13.386Z"
    }
  },
  {
    "model": "sessions.session",
    "pk": "g87krxh1whxcflk3r1hzmig54bs96itq",
    "fields": {
      "session_data": ".eJxVjTsOwjAQRO_iGltm_dmYkp4zRN71mgRQIuVTIe5OIqWAcjTvzbxVm9ela9dZprYv6qKkkvMlNBqTjdp7h5oaStoCunMUtESkTr8aZX7KsLvlkYf7aHgclqknsyPmaGdzG4u8rgf7N9DludtsZI-8X0TIQFILFluTlS0VjA4DIacYwAEEQQ6ZIuboKwA27JDV5wu6aUCY:1pCRcy:nQcjSqFv5SzzGW_osY7tdFxF8yQf3h9uK7zFZAY6Wbo",
      "expire_date": "2023-01-16T20:41:48.859Z"
    }
  },
  {
    "model": "sessions.session",
    "pk": "ghj55lc961cyiynof0ike27h190ftcak",
    "fields": {
      "session_data": ".eJxVjTsOwjAQRO_iGltm_dmYkp4zRN71mgRQIuVTIe5OIqWAcjTvzbxVm9ela9dZprYv6qKkkvMlNBqTjdp7h5oaStoCunMUtESkTr8aZX7KsLvlkYf7aHgclqknsyPmaGdzG4u8rgf7N9DludtsZI-8X0TIQFILFluTlS0VjA4DIacYwAEEQQ6ZIuboKwA27JDV5wu6aUCY:1p68Fp:zrUUUc7hn6S6hly7zckGSqbbzwRlQUjtjYMd7OgqBAs",
      "expire_date": "2022-12-30T10:47:49.729Z"
    }
  },
  {
    "model": "sessions.session",
    "pk": "gqt5h3xo2nd26oke26a571rfr1keuf7r",
    "fields": {
      "session_data": ".eJxVjTsOwjAQRO_iGltm_dmYkp4zRN71mgRQIuVTIe5OIqWAcjTvzbxVm9ela9dZprYv6qKkkvMlNBqTjdp7h5oaStoCunMUtESkTr8aZX7KsLvlkYf7aHgclqknsyPmaGdzG4u8rgf7N9DludtsZI-8X0TIQFILFluTlS0VjA4DIacYwAEEQQ6ZIuboKwA27JDV5wu6aUCY:1p5SpC:cYjvUiBhochrnW4ipVV50NbeSyeyCOgWKHZVkkTFmuw",
      "expire_date": "2022-12-28T14:33:34.324Z"
    }
  },
  {
    "model": "sessions.session",
    "pk": "gsiw5fj6onn7r796dwebkpp2ldalcgkv",
    "fields": {
      "session_data": ".eJxVjTsOwjAQRO_iGltm_dmYkp4zRN71mgRQIuVTIe5OIqWAcjTvzbxVm9ela9dZprYv6qKkkvMlNBqTjdp7h5oaStoCunMUtESkTr8aZX7KsLvlkYf7aHgclqknsyPmaGdzG4u8rgf7N9DludtsZI-8X0TIQFILFluTlS0VjA4DIacYwAEEQQ6ZIuboKwA27JDV5wu6aUCY:1p69bS:wmbJyeWyUTIhLw_rkaNK_g57GQDjmxHkacdJjnCnysI",
      "expire_date": "2022-12-30T12:14:14.188Z"
    }
  },
  {
    "model": "sessions.session",
    "pk": "gyd2i13k70m0go6iakwmery2zj5jj912",
    "fields": {
      "session_data": ".eJxVjTsOwjAQRO_iGltm_dmYkp4zRN71mgRQIuVTIe5OIqWAcjTvzbxVm9ela9dZprYv6qKkkvMlNBqTjdp7h5oaStoCunMUtESkTr8aZX7KsLvlkYf7aHgclqknsyPmaGdzG4u8rgf7N9DludtsZI-8X0TIQFILFluTlS0VjA4DIacYwAEEQQ6ZIuboKwA27JDV5wu6aUCY:1p5T7S:bL9lj2huXdrLg01Y0_Nqv7FSlDfFGfNcE_CXBvsubI8",
      "expire_date": "2022-12-28T14:52:26.927Z"
    }
  },
  {
    "model": "sessions.session",
    "pk": "hckh5bevxot6tpn010mrrfvxacnsd7h8",
    "fields": {
      "session_data": ".eJxVjTsOwjAQRO_iGltm_dmYkp4zRN71mgRQIuVTIe5OIqWAcjTvzbxVm9ela9dZprYv6qKkkvMlNBqTjdp7h5oaStoCunMUtESkTr8aZX7KsLvlkYf7aHgclqknsyPmaGdzG4u8rgf7N9DludtsZI-8X0TIQFILFluTlS0VjA4DIacYwAEEQQ6ZIuboKwA27JDV5wu6aUCY:1p5ScX:TJg8_GvBNHL45x7o4H6qlHBxLhUDswo8wH6DlfkuqXU",
      "expire_date": "2022-12-28T14:20:29.120Z"
    }
  },
  {
    "model": "sessions.session",
    "pk": "hjfauf0tdrkv7zw3ay3ua7q2rfggkevz",
    "fields": {
      "session_data": ".eJxVjTsOwjAQRO_iGltm_dmYkp4zRN71mgRQIuVTIe5OIqWAcjTvzbxVm9ela9dZprYv6qKkkvMlNBqTjdp7h5oaStoCunMUtESkTr8aZX7KsLvlkYf7aHgclqknsyPmaGdzG4u8rgf7N9DludtsZI-8X0TIQFILFluTlS0VjA4DIacYwAEEQQ6ZIuboKwA27JDV5wu6aUCY:1p62kT:MZOsET1fWWVGm5EcsEOX4O2FSGxtFs0zs-e6k9BNAhk",
      "expire_date": "2022-12-30T04:55:05.384Z"
    }
  },
  {
    "model": "sessions.session",
    "pk": "hv0yujrd8yxfovfbu38rmpcv8ijqmuob",
    "fields": {
      "session_data": ".eJxVjTsOwjAQRO_iGltm_dmYkp4zRN71mgRQIuVTIe5OIqWAcjTvzbxVm9ela9dZprYv6qKkkvMlNBqTjdp7h5oaStoCunMUtESkTr8aZX7KsLvlkYf7aHgclqknsyPmaGdzG4u8rgf7N9DludtsZI-8X0TIQFILFluTlS0VjA4DIacYwAEEQQ6ZIuboKwA27JDV5wu6aUCY:1p7HwE:PFW2Nj8J2mua8l_b7o06hVSTxyuCVhy8OCKJUuucbhA",
      "expire_date": "2023-01-02T15:20:22.529Z"
    }
  },
  {
    "model": "sessions.session",
    "pk": "hwxim1od4wt54bdnon79pdlapqguke0b",
    "fields": {
      "session_data": ".eJxVjTsOwjAQRO_iGltm_dmYkp4zRN71mgRQIuVTIe5OIqWAcjTvzbxVm9ela9dZprYv6qKkkvMlNBqTjdp7h5oaStoCunMUtESkTr8aZX7KsLvlkYf7aHgclqknsyPmaGdzG4u8rgf7N9DludtsZI-8X0TIQFILFluTlS0VjA4DIacYwAEEQQ6ZIuboKwA27JDV5wu6aUCY:1p68Ec:mCrZpXevmsFK31Al_yqove-v0f4UR_5HrM750SKv2tA",
      "expire_date": "2022-12-30T10:46:34.573Z"
    }
  },
  {
    "model": "sessions.session",
    "pk": "hy60h0otxf5qzugmylymevnnbbcyeq7u",
    "fields": {
      "session_data": ".eJxVjTsOwjAQRO_iGltm_dmYkp4zRN71mgRQIuVTIe5OIqWAcjTvzbxVm9ela9dZprYv6qKkkvMlNBqTjdp7h5oaStoCunMUtESkTr8aZX7KsLvlkYf7aHgclqknsyPmaGdzG4u8rgf7N9DludtsZI-8X0TIQFILFluTlS0VjA4DIacYwAEEQQ6ZIuboKwA27JDV5wu6aUCY:1pVR0y:pKqdR8HS8CuahluGBtrKAi-lDxDRV5bLZCtWOSF5n7Y",
      "expire_date": "2023-03-10T05:53:04.188Z"
    }
  },
  {
    "model": "sessions.session",
    "pk": "i36qzx7d8cefkizwr7j7ndexjccopti4",
    "fields": {
      "session_data": ".eJxVjTsOwjAQRO_iGltm_dmYkp4zRN71mgRQIuVTIe5OIqWAcjTvzbxVm9ela9dZprYv6qKkkvMlNBqTjdp7h5oaStoCunMUtESkTr8aZX7KsLvlkYf7aHgclqknsyPmaGdzG4u8rgf7N9DludtsZI-8X0TIQFILFluTlS0VjA4DIacYwAEEQQ6ZIuboKwA27JDV5wu6aUCY:1p68Ec:mCrZpXevmsFK31Al_yqove-v0f4UR_5HrM750SKv2tA",
      "expire_date": "2022-12-30T10:46:34.579Z"
    }
  },
  {
    "model": "sessions.session",
    "pk": "i88zm9wxfjj0corewmd44rufmmdgokea",
    "fields": {
      "session_data": ".eJxVjTsOwjAQRO_iGltm_dmYkp4zRN71mgRQIuVTIe5OIqWAcjTvzbxVm9ela9dZprYv6qKkkvMlNBqTjdp7h5oaStoCunMUtESkTr8aZX7KsLvlkYf7aHgclqknsyPmaGdzG4u8rgf7N9DludtsZI-8X0TIQFILFluTlS0VjA4DIacYwAEEQQ6ZIuboKwA27JDV5wu6aUCY:1p7181:hLfjRjeDsSbtBJhYkXGKR8F3ZNNAXCVwCE9gevPvFJo",
      "expire_date": "2023-01-01T21:23:25.260Z"
    }
  },
  {
    "model": "sessions.session",
    "pk": "j1txee0rvmx7007edlqhea9gekfm20k9",
    "fields": {
      "session_data": ".eJxVjTsOwjAQRO_iGltm_dmYkp4zRN71mgRQIuVTIe5OIqWAcjTvzbxVm9ela9dZprYv6qKkkvMlNBqTjdp7h5oaStoCunMUtESkTr8aZX7KsLvlkYf7aHgclqknsyPmaGdzG4u8rgf7N9DludtsZI-8X0TIQFILFluTlS0VjA4DIacYwAEEQQ6ZIuboKwA27JDV5wu6aUCY:1p681Y:5Oacdvz5OC9Y06bB8RlW1CZEy340mfQXliI-_Mje7mI",
      "expire_date": "2022-12-30T10:33:04.165Z"
    }
  },
  {
    "model": "sessions.session",
    "pk": "jymc5vx80sxjnavhtjtbanoadi6zsbgf",
    "fields": {
      "session_data": ".eJxVjTsOwjAQRO_iGltm_dmYkp4zRN71mgRQIuVTIe5OIqWAcjTvzbxVm9ela9dZprYv6qKkkvMlNBqTjdp7h5oaStoCunMUtESkTr8aZX7KsLvlkYf7aHgclqknsyPmaGdzG4u8rgf7N9DludtsZI-8X0TIQFILFluTlS0VjA4DIacYwAEEQQ6ZIuboKwA27JDV5wu6aUCY:1p68Ia:PWgv5Uky1JNiXMxG0OQp1HI4b0nG8KuTSGVO2O8i77w",
      "expire_date": "2022-12-30T10:50:40.302Z"
    }
  },
  {
    "model": "sessions.session",
    "pk": "k5xyosysbe3w3p5iscokjntk5e2m4aga",
    "fields": {
      "session_data": ".eJxVjTsOwjAQRO_iGltm_dmYkp4zRN71mgRQIuVTIe5OIqWAcjTvzbxVm9ela9dZprYv6qKkkvMlNBqTjdp7h5oaStoCunMUtESkTr8aZX7KsLvlkYf7aHgclqknsyPmaGdzG4u8rgf7N9DludtsZI-8X0TIQFILFluTlS0VjA4DIacYwAEEQQ6ZIuboKwA27JDV5wu6aUCY:1p5SgJ:ZdCZfyyDtRAuqbFsr9b_nHOZrR1Qtvoh4MU5t-WmJOw",
      "expire_date": "2022-12-28T14:24:23.255Z"
    }
  },
  {
    "model": "sessions.session",
    "pk": "k7pztq5vb9brevhqvk0qy72e7ip0cqvt",
    "fields": {
      "session_data": ".eJxVjTsOwjAQRO_iGltm_dmYkp4zRN71mgRQIuVTIe5OIqWAcjTvzbxVm9ela9dZprYv6qKkkvMlNBqTjdp7h5oaStoCunMUtESkTr8aZX7KsLvlkYf7aHgclqknsyPmaGdzG4u8rgf7N9DludtsZI-8X0TIQFILFluTlS0VjA4DIacYwAEEQQ6ZIuboKwA27JDV5wu6aUCY:1p68u7:DtVNsx8H2lnmJGwbgLsrJCg6FoExhJtxFJU20vYHUVM",
      "expire_date": "2022-12-30T11:29:27.467Z"
    }
  },
  {
    "model": "sessions.session",
    "pk": "kaa5sfrp08edme165cfb0shl1nwcq0yo",
    "fields": {
      "session_data": ".eJxVjTsOwjAQRO_iGltm_dmYkp4zRN71mgRQIuVTIe5OIqWAcjTvzbxVm9ela9dZprYv6qKkkvMlNBqTjdp7h5oaStoCunMUtESkTr8aZX7KsLvlkYf7aHgclqknsyPmaGdzG4u8rgf7N9DludtsZI-8X0TIQFILFluTlS0VjA4DIacYwAEEQQ6ZIuboKwA27JDV5wu6aUCY:1p68FI:AxfhIieDtkuJTFlgaJzN-CDl5RLR7D1KTpS-LXyCNDw",
      "expire_date": "2022-12-30T10:47:16.894Z"
    }
  },
  {
    "model": "sessions.session",
    "pk": "kal8ud2vheeggc9mwl52vv418qlsx6xb",
    "fields": {
      "session_data": ".eJxVjTsOwjAQRO_iGltm_dmYkp4zRN71mgRQIuVTIe5OIqWAcjTvzbxVm9ela9dZprYv6qKkkvMlNBqTjdp7h5oaStoCunMUtESkTr8aZX7KsLvlkYf7aHgclqknsyPmaGdzG4u8rgf7N9DludtsZI-8X0TIQFILFluTlS0VjA4DIacYwAEEQQ6ZIuboKwA27JDV5wu6aUCY:1p666b:BM2DeTIVhaG1gLzFaY6chF9dING0Znwt509OwCQFe6M",
      "expire_date": "2022-12-30T08:30:09.243Z"
    }
  },
  {
    "model": "sessions.session",
    "pk": "kglosloqcoay9kgosiq6fsgr95lzj2jc",
    "fields": {
      "session_data": ".eJxVjTsOwjAQRO_iGltm_dmYkp4zRN71mgRQIuVTIe5OIqWAcjTvzbxVm9ela9dZprYv6qKkkvMlNBqTjdp7h5oaStoCunMUtESkTr8aZX7KsLvlkYf7aHgclqknsyPmaGdzG4u8rgf7N9DludtsZI-8X0TIQFILFluTlS0VjA4DIacYwAEEQQ6ZIuboKwA27JDV5wu6aUCY:1p7Das:ZyXlArHNJOO4m78-fU0UY1zKaNAHTSv9Ejz6jqYjQao",
      "expire_date": "2023-01-02T10:42:02.981Z"
    }
  },
  {
    "model": "sessions.session",
    "pk": "kj5rf89k8h67tlygc99ggl7tqs7lma5d",
    "fields": {
      "session_data": ".eJxVjTsOwjAQRO_iGltm_dmYkp4zRN71mgRQIuVTIe5OIqWAcjTvzbxVm9ela9dZprYv6qKkkvMlNBqTjdp7h5oaStoCunMUtESkTr8aZX7KsLvlkYf7aHgclqknsyPmaGdzG4u8rgf7N9DludtsZI-8X0TIQFILFluTlS0VjA4DIacYwAEEQQ6ZIuboKwA27JDV5wu6aUCY:1p68F3:3tqTWEEeL3aeReaIB6Jkv4ntxgHGk3kA5npK7W3vxQs",
      "expire_date": "2022-12-30T10:47:01.130Z"
    }
  },
  {
    "model": "sessions.session",
    "pk": "kjytvvxqr7gdkwxhr8nsi3zqsuf6t2ui",
    "fields": {
      "session_data": ".eJxVjTsOwjAQRO_iGltm_dmYkp4zRN71mgRQIuVTIe5OIqWAcjTvzbxVm9ela9dZprYv6qKkkvMlNBqTjdp7h5oaStoCunMUtESkTr8aZX7KsLvlkYf7aHgclqknsyPmaGdzG4u8rgf7N9DludtsZI-8X0TIQFILFluTlS0VjA4DIacYwAEEQQ6ZIuboKwA27JDV5wu6aUCY:1p69dN:iAAPQ6OUfb3QPdVRvxWTbQUBqO1s60EjllMQqvtdePc",
      "expire_date": "2022-12-30T12:16:13.356Z"
    }
  },
  {
    "model": "sessions.session",
    "pk": "kkmtdweze0ym9pctf3c83f8kqjx4hzyr",
    "fields": {
      "session_data": ".eJxVjTsOwjAQRO_iGltm_dmYkp4zRN71mgRQIuVTIe5OIqWAcjTvzbxVm9ela9dZprYv6qKkkvMlNBqTjdp7h5oaStoCunMUtESkTr8aZX7KsLvlkYf7aHgclqknsyPmaGdzG4u8rgf7N9DludtsZI-8X0TIQFILFluTlS0VjA4DIacYwAEEQQ6ZIuboKwA27JDV5wu6aUCY:1p69dV:hisa77QDoYzV3oKPCWbkwcpc3LvCHpBRIlRHRZ4L-iU",
      "expire_date": "2022-12-30T12:16:21.048Z"
    }
  },
  {
    "model": "sessions.session",
    "pk": "kp17dcualyctczibk029985x4p7qisxo",
    "fields": {
      "session_data": ".eJxVjTsOwjAQRO_iGltm_dmYkp4zRN71mgRQIuVTIe5OIqWAcjTvzbxVm9ela9dZprYv6qKkkvMlNBqTjdp7h5oaStoCunMUtESkTr8aZX7KsLvlkYf7aHgclqknsyPmaGdzG4u8rgf7N9DludtsZI-8X0TIQFILFluTlS0VjA4DIacYwAEEQQ6ZIuboKwA27JDV5wu6aUCY:1p67fE:MvMVDAfPjYRqaFvgy8Av2HQVl7YVJXwf3jom7Ewv11A",
      "expire_date": "2022-12-30T10:10:00.360Z"
    }
  },
  {
    "model": "sessions.session",
    "pk": "krkidd9yo0sq94jzzpb8vkmrbe4ierr0",
    "fields": {
      "session_data": ".eJxVjTsOwjAQRO_iGltm_dmYkp4zRN71mgRQIuVTIe5OIqWAcjTvzbxVm9ela9dZprYv6qKkkvMlNBqTjdp7h5oaStoCunMUtESkTr8aZX7KsLvlkYf7aHgclqknsyPmaGdzG4u8rgf7N9DludtsZI-8X0TIQFILFluTlS0VjA4DIacYwAEEQQ6ZIuboKwA27JDV5wu6aUCY:1p71LQ:4EqZvM32os3FoHxGhRhSEqB3AfeG5ZZjPKh3ddI9sSY",
      "expire_date": "2023-01-01T21:37:16.734Z"
    }
  },
  {
    "model": "sessions.session",
    "pk": "krso1k7vaz561wjw7czu4wbo1hxrmq3h",
    "fields": {
      "session_data": ".eJxVjTsOwjAQRO_iGltm_dmYkp4zRN71mgRQIuVTIe5OIqWAcjTvzbxVm9ela9dZprYv6qKkkvMlNBqTjdp7h5oaStoCunMUtESkTr8aZX7KsLvlkYf7aHgclqknsyPmaGdzG4u8rgf7N9DludtsZI-8X0TIQFILFluTlS0VjA4DIacYwAEEQQ6ZIuboKwA27JDV5wu6aUCY:1p68Ic:Z2wcBFdvGwP4rLeVJcLEw_D7mKykHLxXmLJcySQ3Zi0",
      "expire_date": "2022-12-30T10:50:42.259Z"
    }
  },
  {
    "model": "sessions.session",
    "pk": "krxmt222dtqmzlbs6ib894fzdrmswb4m",
    "fields": {
      "session_data": ".eJxVjTsOwjAQRO_iGltm_dmYkp4zRN71mgRQIuVTIe5OIqWAcjTvzbxVm9ela9dZprYv6qKkkvMlNBqTjdp7h5oaStoCunMUtESkTr8aZX7KsLvlkYf7aHgclqknsyPmaGdzG4u8rgf7N9DludtsZI-8X0TIQFILFluTlS0VjA4DIacYwAEEQQ6ZIuboKwA27JDV5wu6aUCY:1p6BJD:P6I1pNh_mZ8c0LUnqQOFNt17xP8gZYSa6BPxJQ9XzP8",
      "expire_date": "2022-12-30T14:03:31.262Z"
    }
  },
  {
    "model": "sessions.session",
    "pk": "lgkj0qpitj3palqxmk1uxbjg2wocpo7z",
    "fields": {
      "session_data": ".eJxVjTsOwjAQRO_iGltm_dmYkp4zRN71mgRQIuVTIe5OIqWAcjTvzbxVm9ela9dZprYv6qKkkvMlNBqTjdp7h5oaStoCunMUtESkTr8aZX7KsLvlkYf7aHgclqknsyPmaGdzG4u8rgf7N9DludtsZI-8X0TIQFILFluTlS0VjA4DIacYwAEEQQ6ZIuboKwA27JDV5wu6aUCY:1pCGDd:EPZ9785zPPI4LumANrmtPhHLLL7_PiIeLCJwikTdzCo",
      "expire_date": "2023-01-16T08:30:53.385Z"
    }
  },
  {
    "model": "sessions.session",
    "pk": "ltwxx05y57y9t09epsxnsi7e73jes4vf",
    "fields": {
      "session_data": ".eJxVjTsOwjAQRO_iGltm_dmYkp4zRN71mgRQIuVTIe5OIqWAcjTvzbxVm9ela9dZprYv6qKkkvMlNBqTjdp7h5oaStoCunMUtESkTr8aZX7KsLvlkYf7aHgclqknsyPmaGdzG4u8rgf7N9DludtsZI-8X0TIQFILFluTlS0VjA4DIacYwAEEQQ6ZIuboKwA27JDV5wu6aUCY:1pD9kr:QXdWNhenTV0PqWmMf2kZJ2izf-KOZspHCN-QgXgKXOs",
      "expire_date": "2023-01-18T19:48:53.427Z"
    }
  },
  {
    "model": "sessions.session",
    "pk": "lybya7wmug0dzrsurrzivnu90nntlhyh",
    "fields": {
      "session_data": ".eJxVjTsOwjAQRO_iGltm_dmYkp4zRN71mgRQIuVTIe5OIqWAcjTvzbxVm9ela9dZprYv6qKkkvMlNBqTjdp7h5oaStoCunMUtESkTr8aZX7KsLvlkYf7aHgclqknsyPmaGdzG4u8rgf7N9DludtsZI-8X0TIQFILFluTlS0VjA4DIacYwAEEQQ6ZIuboKwA27JDV5wu6aUCY:1p681Z:6YL8vUiElILO5YU214MZSc-wuuqj4-TTIaTW0ZG6UgA",
      "expire_date": "2022-12-30T10:33:05.049Z"
    }
  },
  {
    "model": "sessions.session",
    "pk": "m7j8qppf4zskaph70oq3bbfp0ts63fv8",
    "fields": {
      "session_data": ".eJxVjTsOwjAQRO_iGltm_dmYkp4zRN71mgRQIuVTIe5OIqWAcjTvzbxVm9ela9dZprYv6qKkkvMlNBqTjdp7h5oaStoCunMUtESkTr8aZX7KsLvlkYf7aHgclqknsyPmaGdzG4u8rgf7N9DludtsZI-8X0TIQFILFluTlS0VjA4DIacYwAEEQQ6ZIuboKwA27JDV5wu6aUCY:1p67CD:8-V2KxLgRreiqaieK72-iKLkDwe8_9utHEJg3nQy8zs",
      "expire_date": "2022-12-30T09:40:01.040Z"
    }
  },
  {
    "model": "sessions.session",
    "pk": "majwgmhq0zlr5pxlvgzaa5gr3a6vx7bo",
    "fields": {
      "session_data": ".eJxVjTsOwjAQRO_iGltm_dmYkp4zRN71mgRQIuVTIe5OIqWAcjTvzbxVm9ela9dZprYv6qKkkvMlNBqTjdp7h5oaStoCunMUtESkTr8aZX7KsLvlkYf7aHgclqknsyPmaGdzG4u8rgf7N9DludtsZI-8X0TIQFILFluTlS0VjA4DIacYwAEEQQ6ZIuboKwA27JDV5wu6aUCY:1pCRdm:d2xgYCt0k_fF5n4Yn3M3MYydIujzI8rgCOkpJAuv9pk",
      "expire_date": "2023-01-16T20:42:38.781Z"
    }
  },
  {
    "model": "sessions.session",
    "pk": "maqdicvk2z7csxx2y7001cgg6rwuxjj9",
    "fields": {
      "session_data": ".eJxVjTsOwjAQRO_iGltm_dmYkp4zRN71mgRQIuVTIe5OIqWAcjTvzbxVm9ela9dZprYv6qKkkvMlNBqTjdp7h5oaStoCunMUtESkTr8aZX7KsLvlkYf7aHgclqknsyPmaGdzG4u8rgf7N9DludtsZI-8X0TIQFILFluTlS0VjA4DIacYwAEEQQ6ZIuboKwA27JDV5wu6aUCY:1p68F3:3tqTWEEeL3aeReaIB6Jkv4ntxgHGk3kA5npK7W3vxQs",
      "expire_date": "2022-12-30T10:47:01.201Z"
    }
  },
  {
    "model": "sessions.session",
    "pk": "mj2sch3kbw85vrar4d24yu8dv4gsigh0",
    "fields": {
      "session_data": ".eJxVjTsOwjAQRO_iGltm_dmYkp4zRN71mgRQIuVTIe5OIqWAcjTvzbxVm9ela9dZprYv6qKkkvMlNBqTjdp7h5oaStoCunMUtESkTr8aZX7KsLvlkYf7aHgclqknsyPmaGdzG4u8rgf7N9DludtsZI-8X0TIQFILFluTlS0VjA4DIacYwAEEQQ6ZIuboKwA27JDV5wu6aUCY:1p69rY:p9yn30QsG5k9JH7Zd3Tao2P5l-2LMvW3hTBsjCbIXyE",
      "expire_date": "2022-12-30T12:30:52.309Z"
    }
  },
  {
    "model": "sessions.session",
    "pk": "mq9i64powtam2sx1ujrzf3b6feilu9ly",
    "fields": {
      "session_data": ".eJxVjTsOwjAQRO_iGltm_dmYkp4zRN71mgRQIuVTIe5OIqWAcjTvzbxVm9ela9dZprYv6qKkkvMlNBqTjdp7h5oaStoCunMUtESkTr8aZX7KsLvlkYf7aHgclqknsyPmaGdzG4u8rgf7N9DludtsZI-8X0TIQFILFluTlS0VjA4DIacYwAEEQQ6ZIuboKwA27JDV5wu6aUCY:1p87iC:zf9xLeRqY1TG7tmM5b9r9zeSJMGIXmNYuU9DK_xEBF4",
      "expire_date": "2023-01-04T22:37:20.039Z"
    }
  },
  {
    "model": "sessions.session",
    "pk": "mtea3dmdyp55nxblzjmc04zgss7s5kmg",
    "fields": {
      "session_data": ".eJxVjTsOwjAQRO_iGltm_dmYkp4zRN71mgRQIuVTIe5OIqWAcjTvzbxVm9ela9dZprYv6qKkkvMlNBqTjdp7h5oaStoCunMUtESkTr8aZX7KsLvlkYf7aHgclqknsyPmaGdzG4u8rgf7N9DludtsZI-8X0TIQFILFluTlS0VjA4DIacYwAEEQQ6ZIuboKwA27JDV5wu6aUCY:1pCRlj:uxoQdhs0bK9NEP6gRQtRwK3tFJa52qpU0f2zpLsLXck",
      "expire_date": "2023-01-16T20:50:51.817Z"
    }
  },
  {
    "model": "sessions.session",
    "pk": "n7cqahb43jiea849zhnzwqqtfst550bl",
    "fields": {
      "session_data": ".eJxVjTsOwjAQRO_iGltm_dmYkp4zRN71mgRQIuVTIe5OIqWAcjTvzbxVm9ela9dZprYv6qKkkvMlNBqTjdp7h5oaStoCunMUtESkTr8aZX7KsLvlkYf7aHgclqknsyPmaGdzG4u8rgf7N9DludtsZI-8X0TIQFILFluTlS0VjA4DIacYwAEEQQ6ZIuboKwA27JDV5wu6aUCY:1p62mL:SHeHzC-j_wW6RczscTrfZeZ0xGcXc3-u6V9W_kFORik",
      "expire_date": "2022-12-30T04:57:01.296Z"
    }
  },
  {
    "model": "sessions.session",
    "pk": "na5gj98iplb88n70g3hk7q1077cpxxcj",
    "fields": {
      "session_data": ".eJxVjTsOwjAQRO_iGltm_dmYkp4zRN71mgRQIuVTIe5OIqWAcjTvzbxVm9ela9dZprYv6qKkkvMlNBqTjdp7h5oaStoCunMUtESkTr8aZX7KsLvlkYf7aHgclqknsyPmaGdzG4u8rgf7N9DludtsZI-8X0TIQFILFluTlS0VjA4DIacYwAEEQQ6ZIuboKwA27JDV5wu6aUCY:1pCRcz:L7oSUcO6IqS1fPXiwkGK5FsV5PGR7G0TIMg6lL9ROwE",
      "expire_date": "2023-01-16T20:41:49.678Z"
    }
  },
  {
    "model": "sessions.session",
    "pk": "news9c9aws1tem6otvyv8rsvptemo2qh",
    "fields": {
      "session_data": ".eJxVjTsOwjAQRO_iGltm_dmYkp4zRN71mgRQIuVTIe5OIqWAcjTvzbxVm9ela9dZprYv6qKkkvMlNBqTjdp7h5oaStoCunMUtESkTr8aZX7KsLvlkYf7aHgclqknsyPmaGdzG4u8rgf7N9DludtsZI-8X0TIQFILFluTlS0VjA4DIacYwAEEQQ6ZIuboKwA27JDV5wu6aUCY:1p69dV:hisa77QDoYzV3oKPCWbkwcpc3LvCHpBRIlRHRZ4L-iU",
      "expire_date": "2022-12-30T12:16:21.127Z"
    }
  },
  {
    "model": "sessions.session",
    "pk": "nk2fu94wu19yk1ta8kr0y89bqo5wva3e",
    "fields": {
      "session_data": ".eJxVjTsOwjAQRO_iGltm_dmYkp4zRN71mgRQIuVTIe5OIqWAcjTvzbxVm9ela9dZprYv6qKkkvMlNBqTjdp7h5oaStoCunMUtESkTr8aZX7KsLvlkYf7aHgclqknsyPmaGdzG4u8rgf7N9DludtsZI-8X0TIQFILFluTlS0VjA4DIacYwAEEQQ6ZIuboKwA27JDV5wu6aUCY:1p7uoQ:peXPBWqH8v_c3HFw_YS14IfMOJkHBuki6iUjvq5S2X8",
      "expire_date": "2023-01-04T08:50:54.184Z"
    }
  },
  {
    "model": "sessions.session",
    "pk": "nrdlu718m0jcxlhvmsu60oymkohb0en6",
    "fields": {
      "session_data": ".eJxVjTsOwjAQRO_iGltm_dmYkp4zRN71mgRQIuVTIe5OIqWAcjTvzbxVm9ela9dZprYv6qKkkvMlNBqTjdp7h5oaStoCunMUtESkTr8aZX7KsLvlkYf7aHgclqknsyPmaGdzG4u8rgf7N9DludtsZI-8X0TIQFILFluTlS0VjA4DIacYwAEEQQ6ZIuboKwA27JDV5wu6aUCY:1p69dv:K7c6cRVOZdh08EPDuJX2kvxtJbILKO9Y44acSy02p8U",
      "expire_date": "2022-12-30T12:16:47.819Z"
    }
  },
  {
    "model": "sessions.session",
    "pk": "ns33k3gmc2iuxjvhxg6bkwmg90p0a4se",
    "fields": {
      "session_data": ".eJxVjTsOwjAQRO_iGltm_dmYkp4zRN71mgRQIuVTIe5OIqWAcjTvzbxVm9ela9dZprYv6qKkkvMlNBqTjdp7h5oaStoCunMUtESkTr8aZX7KsLvlkYf7aHgclqknsyPmaGdzG4u8rgf7N9DludtsZI-8X0TIQFILFluTlS0VjA4DIacYwAEEQQ6ZIuboKwA27JDV5wu6aUCY:1p7DCk:jh4cC3b067syL7kKA12ZulQ8uaQeQGOlM60CgxzsAMI",
      "expire_date": "2023-01-02T10:17:06.293Z"
    }
  },
  {
    "model": "sessions.session",
    "pk": "ns8igdqwrm5bxfvcmxmr3d05fxkry3o3",
    "fields": {
      "session_data": ".eJxVjTsOwjAQRO_iGltm_dmYkp4zRN71mgRQIuVTIe5OIqWAcjTvzbxVm9ela9dZprYv6qKkkvMlNBqTjdp7h5oaStoCunMUtESkTr8aZX7KsLvlkYf7aHgclqknsyPmaGdzG4u8rgf7N9DludtsZI-8X0TIQFILFluTlS0VjA4DIacYwAEEQQ6ZIuboKwA27JDV5wu6aUCY:1p68Go:eVaAd4JESmwn0KOuEZSkRxw6Idtph4WPSK3qb6pVBgw",
      "expire_date": "2022-12-30T10:48:50.003Z"
    }
  },
  {
    "model": "sessions.session",
    "pk": "o18xgv0mjd0a3jm7gxoa2dsbct0yxnpf",
    "fields": {
      "session_data": ".eJxVjTsOwjAQRO_iGltm_dmYkp4zRN71mgRQIuVTIe5OIqWAcjTvzbxVm9ela9dZprYv6qKkkvMlNBqTjdp7h5oaStoCunMUtESkTr8aZX7KsLvlkYf7aHgclqknsyPmaGdzG4u8rgf7N9DludtsZI-8X0TIQFILFluTlS0VjA4DIacYwAEEQQ6ZIuboKwA27JDV5wu6aUCY:1p684g:A9UTDDGvRXxSoEc_vMxIKBUF717ZAVh1XePgMOCgPwI",
      "expire_date": "2022-12-30T10:36:18.304Z"
    }
  },
  {
    "model": "sessions.session",
    "pk": "o4oma14aciajqvzoughcmnspwnnnj0dg",
    "fields": {
      "session_data": ".eJxVjTsOwjAQRO_iGltm_dmYkp4zRN71mgRQIuVTIe5OIqWAcjTvzbxVm9ela9dZprYv6qKkkvMlNBqTjdp7h5oaStoCunMUtESkTr8aZX7KsLvlkYf7aHgclqknsyPmaGdzG4u8rgf7N9DludtsZI-8X0TIQFILFluTlS0VjA4DIacYwAEEQQ6ZIuboKwA27JDV5wu6aUCY:1p69dW:AGVzRIg51tAMYHfRhKsl3OXg_JEKZI6cCYoKIh68t9g",
      "expire_date": "2022-12-30T12:16:22.263Z"
    }
  },
  {
    "model": "sessions.session",
    "pk": "on7tzadqppn8verom82aiiytj96x0ftu",
    "fields": {
      "session_data": ".eJxVjTsOwjAQRO_iGltm_dmYkp4zRN71mgRQIuVTIe5OIqWAcjTvzbxVm9ela9dZprYv6qKkkvMlNBqTjdp7h5oaStoCunMUtESkTr8aZX7KsLvlkYf7aHgclqknsyPmaGdzG4u8rgf7N9DludtsZI-8X0TIQFILFluTlS0VjA4DIacYwAEEQQ6ZIuboKwA27JDV5wu6aUCY:1p6AWY:vUu2amCzGqMT72EPrfu-or8yknmLjy-II8p-7t0cX8k",
      "expire_date": "2022-12-30T13:13:14.558Z"
    }
  },
  {
    "model": "sessions.session",
    "pk": "p2blcuf4ae1h5eop9hu90g9nxovalq75",
    "fields": {
      "session_data": ".eJxVjTsOwjAQRO_iGltm_dmYkp4zRN71mgRQIuVTIe5OIqWAcjTvzbxVm9ela9dZprYv6qKkkvMlNBqTjdp7h5oaStoCunMUtESkTr8aZX7KsLvlkYf7aHgclqknsyPmaGdzG4u8rgf7N9DludtsZI-8X0TIQFILFluTlS0VjA4DIacYwAEEQQ6ZIuboKwA27JDV5wu6aUCY:1p68Ef:-qUFGzUo_MNA9vJR2Od48fMj1rKVR2ubTaqqG_kiWl8",
      "expire_date": "2022-12-30T10:46:37.387Z"
    }
  },
  {
    "model": "sessions.session",
    "pk": "pa90auu5julufmhsuu89oca7s3b24ww0",
    "fields": {
      "session_data": ".eJxVjTsOwjAQRO_iGltm_dmYkp4zRN71mgRQIuVTIe5OIqWAcjTvzbxVm9ela9dZprYv6qKkkvMlNBqTjdp7h5oaStoCunMUtESkTr8aZX7KsLvlkYf7aHgclqknsyPmaGdzG4u8rgf7N9DludtsZI-8X0TIQFILFluTlS0VjA4DIacYwAEEQQ6ZIuboKwA27JDV5wu6aUCY:1p7DCj:KA8cXLmdrelzvlAkzpdDv1wGP19wlCBo5PO5DSDfeYQ",
      "expire_date": "2023-01-02T10:17:05.792Z"
    }
  },
  {
    "model": "sessions.session",
    "pk": "phxeouebdjipbaq1lh3l2h72q2xgr07h",
    "fields": {
      "session_data": ".eJxVjTsOwjAQRO_iGltm_dmYkp4zRN71mgRQIuVTIe5OIqWAcjTvzbxVm9ela9dZprYv6qKkkvMlNBqTjdp7h5oaStoCunMUtESkTr8aZX7KsLvlkYf7aHgclqknsyPmaGdzG4u8rgf7N9DludtsZI-8X0TIQFILFluTlS0VjA4DIacYwAEEQQ6ZIuboKwA27JDV5wu6aUCY:1pCRlj:uxoQdhs0bK9NEP6gRQtRwK3tFJa52qpU0f2zpLsLXck",
      "expire_date": "2023-01-16T20:50:51.822Z"
    }
  },
  {
    "model": "sessions.session",
    "pk": "q7qn7sk4vkp5huy9wnewn5q9sbfkk397",
    "fields": {
      "session_data": ".eJxVjTsOwjAQRO_iGltm_dmYkp4zRN71mgRQIuVTIe5OIqWAcjTvzbxVm9ela9dZprYv6qKkkvMlNBqTjdp7h5oaStoCunMUtESkTr8aZX7KsLvlkYf7aHgclqknsyPmaGdzG4u8rgf7N9DludtsZI-8X0TIQFILFluTlS0VjA4DIacYwAEEQQ6ZIuboKwA27JDV5wu6aUCY:1p5tkH:nfvKKd6OUXyGZGiHhi_A5enZ0Xpbe5zaPLHdSdwIamQ",
      "expire_date": "2022-12-29T19:18:17.877Z"
    }
  },
  {
    "model": "sessions.session",
    "pk": "qcy1qjaanclv8dyvs75024jn6gywsmr5",
    "fields": {
      "session_data": ".eJxVjTsOwjAQRO_iGltm_dmYkp4zRN71mgRQIuVTIe5OIqWAcjTvzbxVm9ela9dZprYv6qKkkvMlNBqTjdp7h5oaStoCunMUtESkTr8aZX7KsLvlkYf7aHgclqknsyPmaGdzG4u8rgf7N9DludtsZI-8X0TIQFILFluTlS0VjA4DIacYwAEEQQ6ZIuboKwA27JDV5wu6aUCY:1p5t7t:HPo1-GYx4HqKgM0nd2SZY5ygqHdgWMtYZIM8xhAdfB4",
      "expire_date": "2022-12-29T18:38:37.710Z"
    }
  },
  {
    "model": "sessions.session",
    "pk": "qs5sukcwi74ovcj6qy0kxwu0cg5sdi8o",
    "fields": {
      "session_data": ".eJxVjTsOwjAQRO_iGltm_dmYkp4zRN71mgRQIuVTIe5OIqWAcjTvzbxVm9ela9dZprYv6qKkkvMlNBqTjdp7h5oaStoCunMUtESkTr8aZX7KsLvlkYf7aHgclqknsyPmaGdzG4u8rgf7N9DludtsZI-8X0TIQFILFluTlS0VjA4DIacYwAEEQQ6ZIuboKwA27JDV5wu6aUCY:1pD9kq:zIClAgEVQAz3_hcp3QadKyWGZtINWF-A_jBA97l5FpQ",
      "expire_date": "2023-01-18T19:48:52.051Z"
    }
  },
  {
    "model": "sessions.session",
    "pk": "r91uyr43jttymj9dackow0eb6xdriyey",
    "fields": {
      "session_data": ".eJxVjTsOwjAQRO_iGltm_dmYkp4zRN71mgRQIuVTIe5OIqWAcjTvzbxVm9ela9dZprYv6qKkkvMlNBqTjdp7h5oaStoCunMUtESkTr8aZX7KsLvlkYf7aHgclqknsyPmaGdzG4u8rgf7N9DludtsZI-8X0TIQFILFluTlS0VjA4DIacYwAEEQQ6ZIuboKwA27JDV5wu6aUCY:1p681b:ePFhdLnF1Qds-F18y-e_znbAxTCL83XfANN6wkr5-Kc",
      "expire_date": "2022-12-30T10:33:07.266Z"
    }
  },
  {
    "model": "sessions.session",
    "pk": "rdo59bcyytubwjvxgxed6s10pkrv5ea5",
    "fields": {
      "session_data": ".eJxVjTsOwjAQRO_iGltm_dmYkp4zRN71mgRQIuVTIe5OIqWAcjTvzbxVm9ela9dZprYv6qKkkvMlNBqTjdp7h5oaStoCunMUtESkTr8aZX7KsLvlkYf7aHgclqknsyPmaGdzG4u8rgf7N9DludtsZI-8X0TIQFILFluTlS0VjA4DIacYwAEEQQ6ZIuboKwA27JDV5wu6aUCY:1p69bS:wmbJyeWyUTIhLw_rkaNK_g57GQDjmxHkacdJjnCnysI",
      "expire_date": "2022-12-30T12:14:14.159Z"
    }
  },
  {
    "model": "sessions.session",
    "pk": "rfbut96ynrd42sbx4s9txy4kwtwvwdsp",
    "fields": {
      "session_data": ".eJxVjTsOwjAQRO_iGltm_dmYkp4zRN71mgRQIuVTIe5OIqWAcjTvzbxVm9ela9dZprYv6qKkkvMlNBqTjdp7h5oaStoCunMUtESkTr8aZX7KsLvlkYf7aHgclqknsyPmaGdzG4u8rgf7N9DludtsZI-8X0TIQFILFluTlS0VjA4DIacYwAEEQQ6ZIuboKwA27JDV5wu6aUCY:1p7DCk:jh4cC3b067syL7kKA12ZulQ8uaQeQGOlM60CgxzsAMI",
      "expire_date": "2023-01-02T10:17:06.711Z"
    }
  },
  {
    "model": "sessions.session",
    "pk": "rjcnr4m27oqe2q17jshe9ke6l0zjn4i9",
    "fields": {
      "session_data": ".eJxVjTsOwjAQRO_iGltm_dmYkp4zRN71mgRQIuVTIe5OIqWAcjTvzbxVm9ela9dZprYv6qKkkvMlNBqTjdp7h5oaStoCunMUtESkTr8aZX7KsLvlkYf7aHgclqknsyPmaGdzG4u8rgf7N9DludtsZI-8X0TIQFILFluTlS0VjA4DIacYwAEEQQ6ZIuboKwA27JDV5wu6aUCY:1p5mzc:cLt1KFQI24Mk3QbZD9QVWdiEC-H_GO8fjhDLHPLPO4w",
      "expire_date": "2022-12-29T12:05:40.826Z"
    }
  },
  {
    "model": "sessions.session",
    "pk": "rqea5gvfhety4pvcf46q6isv7elvqrit",
    "fields": {
      "session_data": ".eJxVjTsOwjAQRO_iGltm_dmYkp4zRN71mgRQIuVTIe5OIqWAcjTvzbxVm9ela9dZprYv6qKkkvMlNBqTjdp7h5oaStoCunMUtESkTr8aZX7KsLvlkYf7aHgclqknsyPmaGdzG4u8rgf7N9DludtsZI-8X0TIQFILFluTlS0VjA4DIacYwAEEQQ6ZIuboKwA27JDV5wu6aUCY:1pDKtR:7aj4NcOZaYZGgfnLFTHoWYYe7P9DL_998NBtxA8ZL1g",
      "expire_date": "2023-01-19T07:42:29.080Z"
    }
  },
  {
    "model": "sessions.session",
    "pk": "rwnfeh3t854sl5l92ycqnjxjyvc4g76a",
    "fields": {
      "session_data": ".eJxVjTsOwjAQRO_iGltm_dmYkp4zRN71mgRQIuVTIe5OIqWAcjTvzbxVm9ela9dZprYv6qKkkvMlNBqTjdp7h5oaStoCunMUtESkTr8aZX7KsLvlkYf7aHgclqknsyPmaGdzG4u8rgf7N9DludtsZI-8X0TIQFILFluTlS0VjA4DIacYwAEEQQ6ZIuboKwA27JDV5wu6aUCY:1p681Y:5Oacdvz5OC9Y06bB8RlW1CZEy340mfQXliI-_Mje7mI",
      "expire_date": "2022-12-30T10:33:04.147Z"
    }
  },
  {
    "model": "sessions.session",
    "pk": "sb1jh15f999r899xg4w22x5amua0zhma",
    "fields": {
      "session_data": ".eJxVjTsOwjAQRO_iGltm_dmYkp4zRN71mgRQIuVTIe5OIqWAcjTvzbxVm9ela9dZprYv6qKkkvMlNBqTjdp7h5oaStoCunMUtESkTr8aZX7KsLvlkYf7aHgclqknsyPmaGdzG4u8rgf7N9DludtsZI-8X0TIQFILFluTlS0VjA4DIacYwAEEQQ6ZIuboKwA27JDV5wu6aUCY:1pFL2u:Bwfm65xnnVxVkjpQTlZdxZmhuCnmnywdmh0sGdrvX7Y",
      "expire_date": "2023-01-24T20:16:32.339Z"
    }
  },
  {
    "model": "sessions.session",
    "pk": "sbaak2fjc05ggvfbtlq8ffromce5bpun",
    "fields": {
      "session_data": ".eJxVjTsOwjAQRO_iGltm_dmYkp4zRN71mgRQIuVTIe5OIqWAcjTvzbxVm9ela9dZprYv6qKkkvMlNBqTjdp7h5oaStoCunMUtESkTr8aZX7KsLvlkYf7aHgclqknsyPmaGdzG4u8rgf7N9DludtsZI-8X0TIQFILFluTlS0VjA4DIacYwAEEQQ6ZIuboKwA27JDV5wu6aUCY:1p5taK:AuuGhBJQva5cBF2CxlY9ANhYArcg1rnw2udNh_ahrkE",
      "expire_date": "2022-12-29T19:08:00.189Z"
    }
  },
  {
    "model": "sessions.session",
    "pk": "ske5n3jbxo9t4whgpqxhg1nk5uoh722k",
    "fields": {
      "session_data": ".eJxVjTsOwjAQRO_iGltm_dmYkp4zRN71mgRQIuVTIe5OIqWAcjTvzbxVm9ela9dZprYv6qKkkvMlNBqTjdp7h5oaStoCunMUtESkTr8aZX7KsLvlkYf7aHgclqknsyPmaGdzG4u8rgf7N9DludtsZI-8X0TIQFILFluTlS0VjA4DIacYwAEEQQ6ZIuboKwA27JDV5wu6aUCY:1p69r5:FKHj_9AU2TkqeOACzwCt-p9llOvOuKjDjxGpQhKfMgI",
      "expire_date": "2022-12-30T12:30:23.381Z"
    }
  },
  {
    "model": "sessions.session",
    "pk": "sq7ivesbs3bufudbt4ssxi1phk1zaa0t",
    "fields": {
      "session_data": ".eJxVjTsOwjAQRO_iGltm_dmYkp4zRN71mgRQIuVTIe5OIqWAcjTvzbxVm9ela9dZprYv6qKkkvMlNBqTjdp7h5oaStoCunMUtESkTr8aZX7KsLvlkYf7aHgclqknsyPmaGdzG4u8rgf7N9DludtsZI-8X0TIQFILFluTlS0VjA4DIacYwAEEQQ6ZIuboKwA27JDV5wu6aUCY:1p7CAM:C2gi5t5-0Mud1PdAZm-8rNykHX_tphm7YO8nCpH5LZE",
      "expire_date": "2023-01-02T09:10:34.033Z"
    }
  },
  {
    "model": "sessions.session",
    "pk": "tfi50i6n2ycrma3wzg60k1ua2m0cg5bt",
    "fields": {
      "session_data": ".eJxVjTsOwjAQRO_iGltm_dmYkp4zRN71mgRQIuVTIe5OIqWAcjTvzbxVm9ela9dZprYv6qKkkvMlNBqTjdp7h5oaStoCunMUtESkTr8aZX7KsLvlkYf7aHgclqknsyPmaGdzG4u8rgf7N9DludtsZI-8X0TIQFILFluTlS0VjA4DIacYwAEEQQ6ZIuboKwA27JDV5wu6aUCY:1p71M9:3WY4fFkdFvoCDzFvibegGQ2tphUfsQPAw9MOBFCIQeg",
      "expire_date": "2023-01-01T21:38:01.930Z"
    }
  },
  {
    "model": "sessions.session",
    "pk": "th9oyoti024hzyhypcffmzc0h91mgy8p",
    "fields": {
      "session_data": ".eJxVjTsOwjAQRO_iGltm_dmYkp4zRN71mgRQIuVTIe5OIqWAcjTvzbxVm9ela9dZprYv6qKkkvMlNBqTjdp7h5oaStoCunMUtESkTr8aZX7KsLvlkYf7aHgclqknsyPmaGdzG4u8rgf7N9DludtsZI-8X0TIQFILFluTlS0VjA4DIacYwAEEQQ6ZIuboKwA27JDV5wu6aUCY:1p5t7u:P4ynUVFcecL9e1pV2WAtiZZ3jYDwJBKKnDT-CXx-clo",
      "expire_date": "2022-12-29T18:38:38.408Z"
    }
  },
  {
    "model": "sessions.session",
    "pk": "tokijoycgkwzp5dbjncl94hj07cx2ijp",
    "fields": {
      "session_data": ".eJxVjTsOwjAQRO_iGltm_dmYkp4zRN71mgRQIuVTIe5OIqWAcjTvzbxVm9ela9dZprYv6qKkkvMlNBqTjdp7h5oaStoCunMUtESkTr8aZX7KsLvlkYf7aHgclqknsyPmaGdzG4u8rgf7N9DludtsZI-8X0TIQFILFluTlS0VjA4DIacYwAEEQQ6ZIuboKwA27JDV5wu6aUCY:1p6694:zVUHuIZoyvOKj0GVZQ1xfZsIm8IGkUZx-_DPA74eqZY",
      "expire_date": "2022-12-30T08:32:42.374Z"
    }
  },
  {
    "model": "sessions.session",
    "pk": "towppufclnywd9vu5iwfjpw21iloebeq",
    "fields": {
      "session_data": ".eJxVjTsOwjAQRO_iGltm_dmYkp4zRN71mgRQIuVTIe5OIqWAcjTvzbxVm9ela9dZprYv6qKkkvMlNBqTjdp7h5oaStoCunMUtESkTr8aZX7KsLvlkYf7aHgclqknsyPmaGdzG4u8rgf7N9DludtsZI-8X0TIQFILFluTlS0VjA4DIacYwAEEQQ6ZIuboKwA27JDV5wu6aUCY:1p6BJc:WmWkYVWFFHBNh8MImzPNIPQaRONBb2maHKmYHueek6k",
      "expire_date": "2022-12-30T14:03:56.974Z"
    }
  },
  {
    "model": "sessions.session",
    "pk": "uhte3627ctukhevng333bkmvvkr7pkbv",
    "fields": {
      "session_data": ".eJxVjTsOwjAQRO_iGltm_dmYkp4zRN71mgRQIuVTIe5OIqWAcjTvzbxVm9ela9dZprYv6qKkkvMlNBqTjdp7h5oaStoCunMUtESkTr8aZX7KsLvlkYf7aHgclqknsyPmaGdzG4u8rgf7N9DludtsZI-8X0TIQFILFluTlS0VjA4DIacYwAEEQQ6ZIuboKwA27JDV5wu6aUCY:1p6BJD:P6I1pNh_mZ8c0LUnqQOFNt17xP8gZYSa6BPxJQ9XzP8",
      "expire_date": "2022-12-30T14:03:31.477Z"
    }
  },
  {
    "model": "sessions.session",
    "pk": "uqnvxl7cy16pfqcl10voo2z65bullq9j",
    "fields": {
      "session_data": ".eJxVjTsOwjAQRO_iGltm_dmYkp4zRN71mgRQIuVTIe5OIqWAcjTvzbxVm9ela9dZprYv6qKkkvMlNBqTjdp7h5oaStoCunMUtESkTr8aZX7KsLvlkYf7aHgclqknsyPmaGdzG4u8rgf7N9DludtsZI-8X0TIQFILFluTlS0VjA4DIacYwAEEQQ6ZIuboKwA27JDV5wu6aUCY:1p693j:LfLNqcN9mb3f0tmmTJzv_gPX6I9lzsRz6SbsyqVtgMw",
      "expire_date": "2022-12-30T11:39:23.083Z"
    }
  },
  {
    "model": "sessions.session",
    "pk": "urqbfpylib9d2dwp5oibfy0e3432dtg5",
    "fields": {
      "session_data": ".eJxVjTsOwjAQRO_iGltm_dmYkp4zRN71mgRQIuVTIe5OIqWAcjTvzbxVm9ela9dZprYv6qKkkvMlNBqTjdp7h5oaStoCunMUtESkTr8aZX7KsLvlkYf7aHgclqknsyPmaGdzG4u8rgf7N9DludtsZI-8X0TIQFILFluTlS0VjA4DIacYwAEEQQ6ZIuboKwA27JDV5wu6aUCY:1p68Ib:XUjGkNMh3jX9gmwM8GRB4w3qUj1qtpBH6VXpX2WGdkI",
      "expire_date": "2022-12-30T10:50:41.256Z"
    }
  },
  {
    "model": "sessions.session",
    "pk": "uwjx8gy5y8zxveh3urm5nis8ankvwr3j",
    "fields": {
      "session_data": ".eJxVjTsOwjAQRO_iGltm_dmYkp4zRN71mgRQIuVTIe5OIqWAcjTvzbxVm9ela9dZprYv6qKkkvMlNBqTjdp7h5oaStoCunMUtESkTr8aZX7KsLvlkYf7aHgclqknsyPmaGdzG4u8rgf7N9DludtsZI-8X0TIQFILFluTlS0VjA4DIacYwAEEQQ6ZIuboKwA27JDV5wu6aUCY:1p7CAP:T0BaPioousn3NH_zZC7hvOWgjQcjaVLLyKFf9SlpGmk",
      "expire_date": "2023-01-02T09:10:37.053Z"
    }
  },
  {
    "model": "sessions.session",
    "pk": "uxi5f7cnsckklvjzzmy6qqn0x0n11zfc",
    "fields": {
      "session_data": ".eJxVjTsOwjAQRO_iGltm_dmYkp4zRN71mgRQIuVTIe5OIqWAcjTvzbxVm9ela9dZprYv6qKkkvMlNBqTjdp7h5oaStoCunMUtESkTr8aZX7KsLvlkYf7aHgclqknsyPmaGdzG4u8rgf7N9DludtsZI-8X0TIQFILFluTlS0VjA4DIacYwAEEQQ6ZIuboKwA27JDV5wu6aUCY:1p71M9:3WY4fFkdFvoCDzFvibegGQ2tphUfsQPAw9MOBFCIQeg",
      "expire_date": "2023-01-01T21:38:01.914Z"
    }
  },
  {
    "model": "sessions.session",
    "pk": "uzk6f8of0hin3csa54trfrjpxd2qdn9k",
    "fields": {
      "session_data": ".eJxVjTsOwjAQRO_iGltm_dmYkp4zRN71mgRQIuVTIe5OIqWAcjTvzbxVm9ela9dZprYv6qKkkvMlNBqTjdp7h5oaStoCunMUtESkTr8aZX7KsLvlkYf7aHgclqknsyPmaGdzG4u8rgf7N9DludtsZI-8X0TIQFILFluTlS0VjA4DIacYwAEEQQ6ZIuboKwA27JDV5wu6aUCY:1p69dW:AGVzRIg51tAMYHfRhKsl3OXg_JEKZI6cCYoKIh68t9g",
      "expire_date": "2022-12-30T12:16:22.636Z"
    }
  },
  {
    "model": "sessions.session",
    "pk": "v0adujmzwu3p0smlm2vq8i2wqi3h9n4y",
    "fields": {
      "session_data": ".eJxVjTsOwjAQRO_iGltm_dmYkp4zRN71mgRQIuVTIe5OIqWAcjTvzbxVm9ela9dZprYv6qKkkvMlNBqTjdp7h5oaStoCunMUtESkTr8aZX7KsLvlkYf7aHgclqknsyPmaGdzG4u8rgf7N9DludtsZI-8X0TIQFILFluTlS0VjA4DIacYwAEEQQ6ZIuboKwA27JDV5wu6aUCY:1p69dW:AGVzRIg51tAMYHfRhKsl3OXg_JEKZI6cCYoKIh68t9g",
      "expire_date": "2022-12-30T12:16:22.243Z"
    }
  },
  {
    "model": "sessions.session",
    "pk": "v0eptex3pqmp1gej0qtskm4ya2xomevo",
    "fields": {
      "session_data": ".eJxVjTsOwjAQRO_iGltm_dmYkp4zRN71mgRQIuVTIe5OIqWAcjTvzbxVm9ela9dZprYv6qKkkvMlNBqTjdp7h5oaStoCunMUtESkTr8aZX7KsLvlkYf7aHgclqknsyPmaGdzG4u8rgf7N9DludtsZI-8X0TIQFILFluTlS0VjA4DIacYwAEEQQ6ZIuboKwA27JDV5wu6aUCY:1p7Dav:qBqER4QdPFrE2YfaluT3iEXEJ0OGuQh2OG_7C7FWoQw",
      "expire_date": "2023-01-02T10:42:05.615Z"
    }
  },
  {
    "model": "sessions.session",
    "pk": "v21q1j3onn5bqmy5qiolq9krzuswtcso",
    "fields": {
      "session_data": ".eJxVjTsOwjAQRO_iGltm_dmYkp4zRN71mgRQIuVTIe5OIqWAcjTvzbxVm9ela9dZprYv6qKkkvMlNBqTjdp7h5oaStoCunMUtESkTr8aZX7KsLvlkYf7aHgclqknsyPmaGdzG4u8rgf7N9DludtsZI-8X0TIQFILFluTlS0VjA4DIacYwAEEQQ6ZIuboKwA27JDV5wu6aUCY:1p67dE:e3MphbzwX_X41rTvjCYlsmzecw1lCIMbv11bv7ytDJg",
      "expire_date": "2022-12-30T10:07:56.689Z"
    }
  },
  {
    "model": "sessions.session",
    "pk": "v2wdk1pgcgy5l4jzdwelu9gvh58tkvnd",
    "fields": {
      "session_data": ".eJxVjTsOwjAQRO_iGltm_dmYkp4zRN71mgRQIuVTIe5OIqWAcjTvzbxVm9ela9dZprYv6qKkkvMlNBqTjdp7h5oaStoCunMUtESkTr8aZX7KsLvlkYf7aHgclqknsyPmaGdzG4u8rgf7N9DludtsZI-8X0TIQFILFluTlS0VjA4DIacYwAEEQQ6ZIuboKwA27JDV5wu6aUCY:1p69dV:hisa77QDoYzV3oKPCWbkwcpc3LvCHpBRIlRHRZ4L-iU",
      "expire_date": "2022-12-30T12:16:21.071Z"
    }
  },
  {
    "model": "sessions.session",
    "pk": "vd9lxrk5j6h2vaiaccbx9rei4vjpgtzo",
    "fields": {
      "session_data": ".eJxVjTsOwjAQRO_iGltm_dmYkp4zRN71mgRQIuVTIe5OIqWAcjTvzbxVm9ela9dZprYv6qKkkvMlNBqTjdp7h5oaStoCunMUtESkTr8aZX7KsLvlkYf7aHgclqknsyPmaGdzG4u8rgf7N9DludtsZI-8X0TIQFILFluTlS0VjA4DIacYwAEEQQ6ZIuboKwA27JDV5wu6aUCY:1p6AWl:ulMJFzDXmKjCscJGSkvudJ5P-687UNZephBYbjOD8mU",
      "expire_date": "2022-12-30T13:13:27.559Z"
    }
  },
  {
    "model": "sessions.session",
    "pk": "vg3nbu61suh0fqmwkyaitcrr47hjdpq7",
    "fields": {
      "session_data": ".eJxVjTsOwjAQRO_iGltm_dmYkp4zRN71mgRQIuVTIe5OIqWAcjTvzbxVm9ela9dZprYv6qKkkvMlNBqTjdp7h5oaStoCunMUtESkTr8aZX7KsLvlkYf7aHgclqknsyPmaGdzG4u8rgf7N9DludtsZI-8X0TIQFILFluTlS0VjA4DIacYwAEEQQ6ZIuboKwA27JDV5wu6aUCY:1p69dv:K7c6cRVOZdh08EPDuJX2kvxtJbILKO9Y44acSy02p8U",
      "expire_date": "2022-12-30T12:16:47.851Z"
    }
  },
  {
    "model": "sessions.session",
    "pk": "vkcew2yykng94ljq7mm8jjh80e8zngt1",
    "fields": {
      "session_data": ".eJxVjTsOwjAQRO_iGltm_dmYkp4zRN71mgRQIuVTIe5OIqWAcjTvzbxVm9ela9dZprYv6qKkkvMlNBqTjdp7h5oaStoCunMUtESkTr8aZX7KsLvlkYf7aHgclqknsyPmaGdzG4u8rgf7N9DludtsZI-8X0TIQFILFluTlS0VjA4DIacYwAEEQQ6ZIuboKwA27JDV5wu6aUCY:1p86cv:bme51F40JKzmv7wXbkjFbBlQ2jwvePBOBEsf2wwLbck",
      "expire_date": "2023-01-04T21:27:49.095Z"
    }
  },
  {
    "model": "sessions.session",
    "pk": "vvyy0x22y1bv105f7rj1ltnxs88mf4mk",
    "fields": {
      "session_data": ".eJxVjTsOwjAQRO_iGltm_dmYkp4zRN71mgRQIuVTIe5OIqWAcjTvzbxVm9ela9dZprYv6qKkkvMlNBqTjdp7h5oaStoCunMUtESkTr8aZX7KsLvlkYf7aHgclqknsyPmaGdzG4u8rgf7N9DludtsZI-8X0TIQFILFluTlS0VjA4DIacYwAEEQQ6ZIuboKwA27JDV5wu6aUCY:1pCRdi:5m7kAmWe2dRkb0Wp71SLO_OMq7GULKDK0MSvsCkOYJ4",
      "expire_date": "2023-01-16T20:42:34.623Z"
    }
  },
  {
    "model": "sessions.session",
    "pk": "wd22ljne6k98bhcczuvbgbrztk92je61",
    "fields": {
      "session_data": ".eJxVjTsOwjAQRO_iGltm_dmYkp4zRN71mgRQIuVTIe5OIqWAcjTvzbxVm9ela9dZprYv6qKkkvMlNBqTjdp7h5oaStoCunMUtESkTr8aZX7KsLvlkYf7aHgclqknsyPmaGdzG4u8rgf7N9DludtsZI-8X0TIQFILFluTlS0VjA4DIacYwAEEQQ6ZIuboKwA27JDV5wu6aUCY:1pCRcz:L7oSUcO6IqS1fPXiwkGK5FsV5PGR7G0TIMg6lL9ROwE",
      "expire_date": "2023-01-16T20:41:49.676Z"
    }
  },
  {
    "model": "sessions.session",
    "pk": "wiw1olugkwq3l4jvnv7o9di7j4ua82mc",
    "fields": {
      "session_data": ".eJxVjTsOwjAQRO_iGltm_dmYkp4zRN71mgRQIuVTIe5OIqWAcjTvzbxVm9ela9dZprYv6qKkkvMlNBqTjdp7h5oaStoCunMUtESkTr8aZX7KsLvlkYf7aHgclqknsyPmaGdzG4u8rgf7N9DludtsZI-8X0TIQFILFluTlS0VjA4DIacYwAEEQQ6ZIuboKwA27JDV5wu6aUCY:1p87iB:dqzCQ-xL65cQrVPFF9nblwdgJ1pMbnNaGWMW6HSEia8",
      "expire_date": "2023-01-04T22:37:19.750Z"
    }
  },
  {
    "model": "sessions.session",
    "pk": "wkfye6l3k7umymgg6hmwyof7iygbd6q3",
    "fields": {
      "session_data": ".eJxVjTsOwjAQRO_iGltm_dmYkp4zRN71mgRQIuVTIe5OIqWAcjTvzbxVm9ela9dZprYv6qKkkvMlNBqTjdp7h5oaStoCunMUtESkTr8aZX7KsLvlkYf7aHgclqknsyPmaGdzG4u8rgf7N9DludtsZI-8X0TIQFILFluTlS0VjA4DIacYwAEEQQ6ZIuboKwA27JDV5wu6aUCY:1pBNBG:rRnot5nvC506cIbNopfIeu0rE2WZ1KJSNhz7kiSv85w",
      "expire_date": "2023-01-13T21:44:46.502Z"
    }
  },
  {
    "model": "sessions.session",
    "pk": "wsuv5ie7p3xx7c04tz9splb32kgbygav",
    "fields": {
      "session_data": ".eJxVjTsOwjAQRO_iGltm_dmYkp4zRN71mgRQIuVTIe5OIqWAcjTvzbxVm9ela9dZprYv6qKkkvMlNBqTjdp7h5oaStoCunMUtESkTr8aZX7KsLvlkYf7aHgclqknsyPmaGdzG4u8rgf7N9DludtsZI-8X0TIQFILFluTlS0VjA4DIacYwAEEQQ6ZIuboKwA27JDV5wu6aUCY:1pDKtN:LBffhE-amdjq_BHWyjgT96dT7aQ2PLjxlEWX0rMTwcQ",
      "expire_date": "2023-01-19T07:42:26.089Z"
    }
  },
  {
    "model": "sessions.session",
    "pk": "wwt6x74x2dt5ug76l8y6u2why0suqjyw",
    "fields": {
      "session_data": ".eJxVjTsOwjAQRO_iGltm_dmYkp4zRN71mgRQIuVTIe5OIqWAcjTvzbxVm9ela9dZprYv6qKkkvMlNBqTjdp7h5oaStoCunMUtESkTr8aZX7KsLvlkYf7aHgclqknsyPmaGdzG4u8rgf7N9DludtsZI-8X0TIQFILFluTlS0VjA4DIacYwAEEQQ6ZIuboKwA27JDV5wu6aUCY:1p684j:Av28fWIpqDImvUFoK25Rkh20m_VcG07xvKv1QofbltU",
      "expire_date": "2022-12-30T10:36:21.380Z"
    }
  },
  {
    "model": "sessions.session",
    "pk": "x2xiqa2fy4hhr1jceribjvmubejqgs0h",
    "fields": {
      "session_data": ".eJxVjTsOwjAQRO_iGltm_dmYkp4zRN71mgRQIuVTIe5OIqWAcjTvzbxVm9ela9dZprYv6qKkkvMlNBqTjdp7h5oaStoCunMUtESkTr8aZX7KsLvlkYf7aHgclqknsyPmaGdzG4u8rgf7N9DludtsZI-8X0TIQFILFluTlS0VjA4DIacYwAEEQQ6ZIuboKwA27JDV5wu6aUCY:1p67dE:e3MphbzwX_X41rTvjCYlsmzecw1lCIMbv11bv7ytDJg",
      "expire_date": "2022-12-30T10:07:56.665Z"
    }
  },
  {
    "model": "sessions.session",
    "pk": "xgkapi6rj1zd1jp9rlnhytow5levy2t5",
    "fields": {
      "session_data": ".eJxVjTsOwjAQRO_iGltm_dmYkp4zRN71mgRQIuVTIe5OIqWAcjTvzbxVm9ela9dZprYv6qKkkvMlNBqTjdp7h5oaStoCunMUtESkTr8aZX7KsLvlkYf7aHgclqknsyPmaGdzG4u8rgf7N9DludtsZI-8X0TIQFILFluTlS0VjA4DIacYwAEEQQ6ZIuboKwA27JDV5wu6aUCY:1p68F0:3UjiwSICALDOGZCUVGbnXaoFDgKVO45nxGan2K6k5_8",
      "expire_date": "2022-12-30T10:46:58.682Z"
    }
  },
  {
    "model": "sessions.session",
    "pk": "y4sxc5d3w7lxtdm8cjznpru75iyqy4bd",
    "fields": {
      "session_data": ".eJxVjTsOwjAQRO_iGltm_dmYkp4zRN71mgRQIuVTIe5OIqWAcjTvzbxVm9ela9dZprYv6qKkkvMlNBqTjdp7h5oaStoCunMUtESkTr8aZX7KsLvlkYf7aHgclqknsyPmaGdzG4u8rgf7N9DludtsZI-8X0TIQFILFluTlS0VjA4DIacYwAEEQQ6ZIuboKwA27JDV5wu6aUCY:1pDOal:yrXVAg33xWqVw9KIBodPXQ_qHMYaZbRHjvzi8cWM-xM",
      "expire_date": "2023-01-19T11:39:27.318Z"
    }
  },
  {
    "model": "sessions.session",
    "pk": "y7akswaqm333pfxakt79l449qhbi7xrs",
    "fields": {
      "session_data": ".eJxVjTsOwjAQRO_iGltm_dmYkp4zRN71mgRQIuVTIe5OIqWAcjTvzbxVm9ela9dZprYv6qKkkvMlNBqTjdp7h5oaStoCunMUtESkTr8aZX7KsLvlkYf7aHgclqknsyPmaGdzG4u8rgf7N9DludtsZI-8X0TIQFILFluTlS0VjA4DIacYwAEEQQ6ZIuboKwA27JDV5wu6aUCY:1p7DCk:jh4cC3b067syL7kKA12ZulQ8uaQeQGOlM60CgxzsAMI",
      "expire_date": "2023-01-02T10:17:06.739Z"
    }
  },
  {
    "model": "sessions.session",
    "pk": "y8l2mgkjy745oapbjlxi3d7tdbu64s8m",
    "fields": {
      "session_data": ".eJxVjTsOwjAQRO_iGltm_dmYkp4zRN71mgRQIuVTIe5OIqWAcjTvzbxVm9ela9dZprYv6qKkkvMlNBqTjdp7h5oaStoCunMUtESkTr8aZX7KsLvlkYf7aHgclqknsyPmaGdzG4u8rgf7N9DludtsZI-8X0TIQFILFluTlS0VjA4DIacYwAEEQQ6ZIuboKwA27JDV5wu6aUCY:1p6AVw:SXgQF91lDJGR03wCzPNegJnUHGAHmf_Fj8D0-u6kIAY",
      "expire_date": "2022-12-30T13:12:36.766Z"
    }
  },
  {
    "model": "sessions.session",
    "pk": "y9c11r19arwm2xg5xyhtzha33rs9rcj1",
    "fields": {
      "session_data": ".eJxVjTsOwjAQRO_iGltm_dmYkp4zRN71mgRQIuVTIe5OIqWAcjTvzbxVm9ela9dZprYv6qKkkvMlNBqTjdp7h5oaStoCunMUtESkTr8aZX7KsLvlkYf7aHgclqknsyPmaGdzG4u8rgf7N9DludtsZI-8X0TIQFILFluTlS0VjA4DIacYwAEEQQ6ZIuboKwA27JDV5wu6aUCY:1p71M9:3WY4fFkdFvoCDzFvibegGQ2tphUfsQPAw9MOBFCIQeg",
      "expire_date": "2023-01-01T21:38:01.947Z"
    }
  },
  {
    "model": "sessions.session",
    "pk": "yaidw8eh4gzbdzwtqqmo4obcom5a0uq1",
    "fields": {
      "session_data": ".eJxVjTsOwjAQRO_iGltm_dmYkp4zRN71mgRQIuVTIe5OIqWAcjTvzbxVm9ela9dZprYv6qKkkvMlNBqTjdp7h5oaStoCunMUtESkTr8aZX7KsLvlkYf7aHgclqknsyPmaGdzG4u8rgf7N9DludtsZI-8X0TIQFILFluTlS0VjA4DIacYwAEEQQ6ZIuboKwA27JDV5wu6aUCY:1pDKtH:nAnfhPdoQ6jTM8jsjUBGLQAcCfDiJwCStpsK-V0ZqYQ",
      "expire_date": "2023-01-19T07:42:19.257Z"
    }
  },
  {
    "model": "sessions.session",
    "pk": "yjn0e7wgz7ay4wwfq69ig9niwhel257h",
    "fields": {
      "session_data": ".eJxVjTsOwjAQRO_iGltm_dmYkp4zRN71mgRQIuVTIe5OIqWAcjTvzbxVm9ela9dZprYv6qKkkvMlNBqTjdp7h5oaStoCunMUtESkTr8aZX7KsLvlkYf7aHgclqknsyPmaGdzG4u8rgf7N9DludtsZI-8X0TIQFILFluTlS0VjA4DIacYwAEEQQ6ZIuboKwA27JDV5wu6aUCY:1pDKtR:7aj4NcOZaYZGgfnLFTHoWYYe7P9DL_998NBtxA8ZL1g",
      "expire_date": "2023-01-19T07:42:29.370Z"
    }
  },
  {
    "model": "sessions.session",
    "pk": "ykimtwal2ni57y7rpkpkfrs5x0sauvsp",
    "fields": {
      "session_data": ".eJxVjTsOwjAQRO_iGltm_dmYkp4zRN71mgRQIuVTIe5OIqWAcjTvzbxVm9ela9dZprYv6qKkkvMlNBqTjdp7h5oaStoCunMUtESkTr8aZX7KsLvlkYf7aHgclqknsyPmaGdzG4u8rgf7N9DludtsZI-8X0TIQFILFluTlS0VjA4DIacYwAEEQQ6ZIuboKwA27JDV5wu6aUCY:1p62km:whuU0zv0f1T8QHYCXRkN_PvmeDgfFLku_viCCnO9wgw",
      "expire_date": "2022-12-30T04:55:24.968Z"
    }
  },
  {
    "model": "sessions.session",
    "pk": "yx89bz0h5z26v1f0vobwpud7mwu3rly6",
    "fields": {
      "session_data": ".eJxVjTsOwjAQRO_iGltm_dmYkp4zRN71mgRQIuVTIe5OIqWAcjTvzbxVm9ela9dZprYv6qKkkvMlNBqTjdp7h5oaStoCunMUtESkTr8aZX7KsLvlkYf7aHgclqknsyPmaGdzG4u8rgf7N9DludtsZI-8X0TIQFILFluTlS0VjA4DIacYwAEEQQ6ZIuboKwA27JDV5wu6aUCY:1pHsdb:Vyq3XNUXR3J5BVA4OTxurxlJrQxhAERvaaxgOmkx7A4",
      "expire_date": "2023-01-31T20:32:55.742Z"
    }
  },
  {
    "model": "sessions.session",
    "pk": "zads2qdzad7feuo03dox2jabix1cf4vl",
    "fields": {
      "session_data": ".eJxVjTsOwjAQRO_iGltm_dmYkp4zRN71mgRQIuVTIe5OIqWAcjTvzbxVm9ela9dZprYv6qKkkvMlNBqTjdp7h5oaStoCunMUtESkTr8aZX7KsLvlkYf7aHgclqknsyPmaGdzG4u8rgf7N9DludtsZI-8X0TIQFILFluTlS0VjA4DIacYwAEEQQ6ZIuboKwA27JDV5wu6aUCY:1p7Das:ZyXlArHNJOO4m78-fU0UY1zKaNAHTSv9Ejz6jqYjQao",
      "expire_date": "2023-01-02T10:42:02.984Z"
    }
  },
  {
    "model": "sessions.session",
    "pk": "zg4pbe0csr0zwv1qp3ydo73tw0hgx2qd",
    "fields": {
      "session_data": ".eJxVjTsOwjAQRO_iGltm_dmYkp4zRN71mgRQIuVTIe5OIqWAcjTvzbxVm9ela9dZprYv6qKkkvMlNBqTjdp7h5oaStoCunMUtESkTr8aZX7KsLvlkYf7aHgclqknsyPmaGdzG4u8rgf7N9DludtsZI-8X0TIQFILFluTlS0VjA4DIacYwAEEQQ6ZIuboKwA27JDV5wu6aUCY:1p5t85:1537_0Ro5zHA5pz7fNOixMKWfJZSWOPVS28Gnq9_gIo",
      "expire_date": "2022-12-29T18:38:49.448Z"
    }
  },
  {
    "model": "sessions.session",
    "pk": "zj83uv3h3014ptq4qcclhjn8e2enwb0i",
    "fields": {
      "session_data": ".eJxVjTsOwjAQRO_iGltm_dmYkp4zRN71mgRQIuVTIe5OIqWAcjTvzbxVm9ela9dZprYv6qKkkvMlNBqTjdp7h5oaStoCunMUtESkTr8aZX7KsLvlkYf7aHgclqknsyPmaGdzG4u8rgf7N9DludtsZI-8X0TIQFILFluTlS0VjA4DIacYwAEEQQ6ZIuboKwA27JDV5wu6aUCY:1p68J2:gvdO3-bV1Q9FWuGUWOVxKRXRgEDNvQeuXnvdhXBPXDE",
      "expire_date": "2022-12-30T10:51:08.768Z"
    }
  },
  {
    "model": "sessions.session",
    "pk": "zpvtrvzk1hfhe46s3ty1j96l6v6ylxzm",
    "fields": {
      "session_data": ".eJxVjTsOwjAQRO_iGltm_dmYkp4zRN71mgRQIuVTIe5OIqWAcjTvzbxVm9ela9dZprYv6qKkkvMlNBqTjdp7h5oaStoCunMUtESkTr8aZX7KsLvlkYf7aHgclqknsyPmaGdzG4u8rgf7N9DludtsZI-8X0TIQFILFluTlS0VjA4DIacYwAEEQQ6ZIuboKwA27JDV5wu6aUCY:1p6Cb0:04bnZlWTGCdauZGZi4MLAh7PQmF0OspTLAy6knZpBvk",
      "expire_date": "2022-12-30T15:25:58.765Z"
    }
  },
  {
    "model": "django_celery_beat.crontabschedule",
    "pk": 1,
    "fields": {
      "minute": "0",
      "hour": "4",
      "day_of_week": "*",
      "day_of_month": "*",
      "month_of_year": "*",
      "timezone": "UTC"
    }
  },
  {
    "model": "django_celery_beat.crontabschedule",
    "pk": 2,
    "fields": {
      "minute": "*",
      "hour": "*",
      "day_of_week": "*",
      "day_of_month": "1",
      "month_of_year": "*",
      "timezone": "UTC"
    }
  },
  {
    "model": "django_celery_beat.periodictasks",
    "pk": 1,
    "fields": {
      "last_update": "2023-02-28T06:43:35.355Z"
    }
  },
  {
    "model": "django_celery_beat.periodictask",
    "pk": 1,
    "fields": {
      "name": "celery.backend_cleanup",
      "task": "celery.backend_cleanup",
      "interval": null,
      "crontab": 1,
      "solar": null,
      "clocked": null,
      "args": "[]",
      "kwargs": "{}",
      "queue": null,
      "exchange": null,
      "routing_key": null,
      "headers": "{}",
      "priority": null,
      "expires": null,
      "expire_seconds": 43200,
      "one_off": false,
      "start_time": null,
      "enabled": true,
      "last_run_at": "2023-02-28T04:00:03.254Z",
      "total_run_count": 4,
      "date_changed": "2023-02-28T06:43:08.141Z",
      "description": ""
    }
  },
  {
    "model": "django_celery_beat.periodictask",
    "pk": 2,
    "fields": {
      "name": "modify_all_company_send_email_count",
      "task": "companies.tasks.modify_all_company_send_email_count",
      "interval": null,
      "crontab": 2,
      "solar": null,
      "clocked": null,
      "args": "[]",
      "kwargs": "{}",
      "queue": null,
      "exchange": null,
      "routing_key": null,
      "headers": "{}",
      "priority": null,
      "expires": null,
      "expire_seconds": null,
      "one_off": false,
      "start_time": null,
      "enabled": true,
      "last_run_at": null,
      "total_run_count": 0,
      "date_changed": "2023-02-28T06:43:36.394Z",
      "description": ""
    }
  },
  {
    "model": "users.user",
    "pk": "114781f1-4f35-42f2-9126-bda7755f1e56",
    "fields": {
      "password": "pbkdf2_sha256$320000$Og1PV2um9EqHlpAEljYXkk$w1ZU2CxacmnBvxBlXKzgI2vLU4oRcm90k+Oxxw9fytI=",
      "last_login": "2023-02-24T06:40:54.783Z",
      "is_superuser": false,
      "first_name": "Noah",
      "last_name": "Olatoye",
      "email": "noaholatoye101@gmail.com",
      "mobile": null,
      "is_active": true,
      "is_staff": true,
      "verified": true,
      "date_joined": "2023-02-24",
      "timestamp": "2023-02-24T05:49:01.010Z",
      "groups": [],
      "user_permissions": []
    }
  },
  {
    "model": "users.user",
    "pk": "6113eed5-ba64-4072-bf1a-8e05c61f5480",
    "fields": {
      "password": "pbkdf2_sha256$320000$eWGcm16OM2f7fE0XklMGqs$Lyw6cQpUmrVkFGq9FQn6GGnw0JsWEjHEaSELlk1wx0k=",
      "last_login": "2022-12-16T14:54:32.173Z",
      "is_superuser": false,
      "first_name": "Favour",
      "last_name": "Afenikhena",
      "email": "fff@gmail.com",
      "mobile": null,
      "is_active": true,
      "is_staff": false,
      "verified": false,
      "date_joined": "2022-12-16",
      "timestamp": "2022-12-16T14:54:32.142Z",
      "groups": [],
      "user_permissions": []
    }
  },
  {
    "model": "users.user",
    "pk": "b7ee83fa-fdf1-461e-a775-55cc184581e4",
    "fields": {
      "password": "pbkdf2_sha256$320000$QwpZF0GfsrSYJg2bTQ4Hi2$y/U8t6Ef0r64W2tNiOIdtgYi1i89pW2kuFCXH5BsDqQ=",
      "last_login": "2022-12-16T12:33:41Z",
      "is_superuser": false,
      "first_name": "Favour",
      "last_name": "Afenikhena",
      "email": "msodq2018@gmail.com",
      "mobile": null,
      "is_active": true,
      "is_staff": true,
      "verified": true,
      "date_joined": "2022-12-16",
      "timestamp": "2022-12-16T12:33:40.982Z",
      "groups": [],
      "user_permissions": []
    }
  },
  {
    "model": "users.user",
    "pk": "ee1e6b60-fb53-4f6a-9481-769cf7419e4a",
    "fields": {
      "password": "pbkdf2_sha256$320000$VE5trXhtOcZSWZ9UhA83DH$3PyjYlu5xElRBFDbEf70FftXgEXjUupvo7CfcceLiWU=",
      "last_login": null,
      "is_superuser": false,
      "first_name": "Favour",
      "last_name": "Afenikhena",
      "email": "favourtjay@gmail.com",
      "mobile": null,
      "is_active": true,
      "is_staff": false,
      "verified": false,
      "date_joined": "2022-12-16",
      "timestamp": "2022-12-16T13:15:14.917Z",
      "groups": [],
      "user_permissions": []
    }
  },
  {
    "model": "users.user",
    "pk": "efb34d58-7906-4437-b8b9-027316e70bbb",
    "fields": {
      "password": "pbkdf2_sha256$320000$krCi1Dn8ea2BwaBxWean2b$zaHIB3M2+For5A5iiTHdwCPPuCD6OebYz+Kf1/iuHqQ=",
      "last_login": "2023-02-24T05:53:04.181Z",
      "is_superuser": true,
      "first_name": "Favour",
      "last_name": "Afenikhena",
      "email": "dev.codertjay@gmail.com",
      "mobile": null,
      "is_active": true,
      "is_staff": true,
      "verified": true,
      "date_joined": "2022-12-09",
      "timestamp": "2022-12-09T16:16:07.639Z",
      "groups": [],
      "user_permissions": []
    }
  },
  {
    "model": "companies.industry",
    "pk": "0aa62da9-af60-451e-85eb-a73a0de1433b",
    "fields": {
      "name": "Construction",
      "timestamp": "2022-12-16T12:43:20.385Z"
    }
  },
  {
    "model": "companies.industry",
    "pk": "d7d9543d-a25b-4463-97d7-2eb1046a26c3",
    "fields": {
      "name": "Technology",
      "timestamp": "2022-12-16T12:43:42.075Z"
    }
  },
  {
    "model": "companies.company",
    "pk": "5c14782a-e88d-43f8-b22f-b3e3dd609b88",
    "fields": {
      "owner": "6113eed5-ba64-4072-bf1a-8e05c61f5480",
      "name": "New Company",
      "username": null,
      "website": null,
      "phone": "",
      "info_email": null,
      "customer_support_email": null,
      "industry": null,
      "overview": null,
      "company_size": null,
      "headquarter": null,
      "founded": null,
      "email_sent_count": 0,
      "premium_access": true,
      "timestamp": "2022-12-16T14:54:32.157Z",
      "locations": []
    }
  },
  {
    "model": "companies.company",
    "pk": "6b42dea8-6a80-4dee-ad10-23dbd0b11c9c",
    "fields": {
      "owner": "114781f1-4f35-42f2-9126-bda7755f1e56",
      "name": "instincthub",
      "username": "instincthub",
      "website": null,
      "phone": "",
      "info_email": null,
      "customer_support_email": null,
      "industry": null,
      "overview": null,
      "company_size": null,
      "headquarter": null,
      "founded": null,
      "email_sent_count": 0,
      "premium_access": false,
      "timestamp": "2023-02-24T05:49:01.024Z",
      "locations": []
    }
  },
  {
    "model": "companies.company",
    "pk": "b80d9312-ce8b-4e76-b6e6-02034d2ba28a",
    "fields": {
      "owner": "efb34d58-7906-4437-b8b9-027316e70bbb",
      "name": "Using Company",
      "username": "Instinct",
      "website": null,
      "phone": "4086740657",
      "info_email": "instincthub@gmail.com",
      "customer_support_email": "customerSuppport@gmail.com",
      "industry": "d7d9543d-a25b-4463-97d7-2eb1046a26c3",
      "overview": "All about tech",
      "company_size": "201-500",
      "headquarter": "Lagos Okoye",
      "founded": "2023-01-05",
      "email_sent_count": 0,
      "premium_access": true,
      "timestamp": "2022-12-09T16:16:07.655Z",
      "locations": []
    }
  },
  {
    "model": "companies.company",
    "pk": "f10b5c90-ba4e-4d41-9c1f-9b4b90d483c7",
    "fields": {
      "owner": "b7ee83fa-fdf1-461e-a775-55cc184581e4",
      "name": "New Company",
      "username": null,
      "website": null,
      "phone": "",
      "info_email": null,
      "customer_support_email": null,
      "industry": null,
      "overview": null,
      "company_size": null,
      "headquarter": null,
      "founded": null,
      "email_sent_count": 0,
      "premium_access": true,
      "timestamp": "2022-12-16T12:33:40.996Z",
      "locations": []
    }
  },
  {
    "model": "companies.companyemployee",
    "pk": "2c7967b0-2810-4e2a-8ce8-ba4cdc7b6969",
    "fields": {
      "user": "efb34d58-7906-4437-b8b9-027316e70bbb",
      "company": "b80d9312-ce8b-4e76-b6e6-02034d2ba28a",
      "role": "ADMIN",
      "invited": true,
      "status": "ACTIVE",
      "timestamp": "2023-01-06T08:37:54.687Z",
      "lead_actions_count": 0,
      "schedule_actions_count": 0
    }
  },
  {
    "model": "companies.companyemployee",
    "pk": "62e8a929-2163-4c61-a584-dedaa8a038d6",
    "fields": {
      "user": "b7ee83fa-fdf1-461e-a775-55cc184581e4",
      "company": "b80d9312-ce8b-4e76-b6e6-02034d2ba28a",
      "role": "MARKETER",
      "invited": true,
      "status": "ACTIVE",
      "timestamp": "2023-01-06T08:37:17.970Z",
      "lead_actions_count": 0,
      "schedule_actions_count": 0
    }
  },
  {
    "model": "companies.companyemployee",
    "pk": "aadd215e-9ccf-44d7-9715-cbfcc75e07c4",
    "fields": {
      "user": "6113eed5-ba64-4072-bf1a-8e05c61f5480",
      "company": "b80d9312-ce8b-4e76-b6e6-02034d2ba28a",
      "role": "MARKETER",
      "invited": true,
      "status": "ACTIVE",
      "timestamp": "2023-01-06T08:36:38.586Z",
      "lead_actions_count": 0,
      "schedule_actions_count": 0
    }
  },
  {
    "model": "companies.companyinvite",
    "pk": 1,
    "fields": {
      "company": "b80d9312-ce8b-4e76-b6e6-02034d2ba28a",
      "staff": null,
      "first_name": "Favour",
      "last_name": "",
      "invite_id": "8248811",
      "email": "favourtjay@gmail.com",
      "role": "MARKETER",
      "status": "PENDING",
      "invited": true,
      "timestamp": "2022-12-16T12:31:19.121Z"
    }
  },
  {
    "model": "companies.companyinvite",
    "pk": 2,
    "fields": {
      "company": "b80d9312-ce8b-4e76-b6e6-02034d2ba28a",
      "staff": "efb34d58-7906-4437-b8b9-027316e70bbb",
      "first_name": "Favour",
      "last_name": null,
      "invite_id": "6506509",
      "email": "fff@gmail.com",
      "role": "MARKETER",
      "status": "ACTIVE",
      "invited": true,
      "timestamp": "2023-01-06T08:36:38.569Z"
    }
  },
  {
    "model": "companies.companyinvite",
    "pk": 3,
    "fields": {
      "company": "b80d9312-ce8b-4e76-b6e6-02034d2ba28a",
      "staff": "efb34d58-7906-4437-b8b9-027316e70bbb",
      "first_name": "Favour",
      "last_name": null,
      "invite_id": "5070514",
      "email": "msodq2018@gmail.com",
      "role": "MARKETER",
      "status": "ACTIVE",
      "invited": true,
      "timestamp": "2023-01-06T08:37:17.959Z"
    }
  },
  {
    "model": "companies.companyinvite",
    "pk": 4,
    "fields": {
      "company": "b80d9312-ce8b-4e76-b6e6-02034d2ba28a",
      "staff": "efb34d58-7906-4437-b8b9-027316e70bbb",
      "first_name": "Favour",
      "last_name": null,
      "invite_id": "3549339",
      "email": "dev.codertjay@gmail.com",
      "role": "ADMIN",
      "status": "ACTIVE",
      "invited": true,
      "timestamp": "2023-01-06T08:37:54.662Z"
    }
  },
  {
    "model": "companies.group",
    "pk": "373a62ff-41fb-4152-ade1-c038174b1724",
    "fields": {
      "company": "b80d9312-ce8b-4e76-b6e6-02034d2ba28a",
      "title": "Student",
      "slug": "student-f8b9c3f0-f765-4d65-ae45-b522ad66a204",
      "timestamp": "2022-12-28T15:59:20.520Z"
    }
  },
  {
    "model": "companies.group",
    "pk": "53932f79-c2aa-4ec3-9c41-b209c8e88ec4",
    "fields": {
      "company": "b80d9312-ce8b-4e76-b6e6-02034d2ba28a",
      "title": "HIGHVALUECONTENT",
      "slug": "highvaluecontent",
      "timestamp": "2023-01-06T13:48:15.859Z"
    }
  },
  {
    "model": "companies.group",
    "pk": "89325845-8220-4336-9307-052a61bac360",
    "fields": {
      "company": "6b42dea8-6a80-4dee-ad10-23dbd0b11c9c",
      "title": "TDN3.0",
      "slug": "tdn30",
      "timestamp": "2023-02-24T06:41:10.279Z"
    }
  },
  {
    "model": "companies.group",
    "pk": "9beb7c7a-322d-49eb-89ad-9f4655fa3412",
    "fields": {
      "company": "6b42dea8-6a80-4dee-ad10-23dbd0b11c9c",
      "title": "iLEARN2.1",
      "slug": "ilearn21",
      "timestamp": "2023-02-24T06:41:52.601Z"
    }
  },
  {
    "model": "companies.group",
    "pk": "9c9c72f8-1338-4e53-bb39-060acf6d1085",
    "fields": {
      "company": "b80d9312-ce8b-4e76-b6e6-02034d2ba28a",
      "title": "Newsletter",
      "slug": "Newsletter",
      "timestamp": "2022-12-16T15:28:51.796Z"
    }
  },
  {
    "model": "companies.group",
    "pk": "c2fea5c5-d743-44ce-9020-a3d81db02466",
    "fields": {
      "company": "b80d9312-ce8b-4e76-b6e6-02034d2ba28a",
      "title": "ContactUs",
      "slug": "contactus",
      "timestamp": "2022-12-21T20:05:06.615Z"
    }
  },
  {
    "model": "companies.group",
    "pk": "f8b9c3f0-f765-4d65-ae45-b522ad66a204",
    "fields": {
      "company": "b80d9312-ce8b-4e76-b6e6-02034d2ba28a",
      "title": "Student",
      "slug": "student",
      "timestamp": "2022-12-12T13:39:17.123Z"
    }
  },
  {
    "model": "leads.leadcontact",
    "pk": "13c93ff7-d3d0-4d04-8244-c231125c9aa0",
    "fields": {
      "prefix": "Mr",
      "lead_type": null,
      "company": "b80d9312-ce8b-4e76-b6e6-02034d2ba28a",
      "last_name": "Thankgod",
      "first_name": "Codertjay",
      "thumbnail": "",
      "middle_name": "Thankgod",
      "job_title": "computer programming",
      "department": "Tech dep",
      "sector": "Engineering",
      "want": "SIBLING",
      "email": "demi@gmail.com",
      "mobile": "2222222",
      "lead_source": "GOOGLE",
      "assigned_marketer": "b7ee83fa-fdf1-461e-a775-55cc184581e4",
      "is_safe": false,
      "verified": false,
      "paying": false,
      "send_email": null,
      "gender": "MALE",
      "category": "NOT_AWARE",
      "timestamp": "2023-01-06T08:45:04.906Z",
      "groups": [
        "373a62ff-41fb-4152-ade1-c038174b1724"
      ]
    }
  },
  {
    "model": "leads.leadcontact",
    "pk": "32124d25-68c4-4f5a-877a-a66feeea1038",
    "fields": {
      "prefix": "Mr",
      "lead_type": null,
      "company": "b80d9312-ce8b-4e76-b6e6-02034d2ba28a",
      "last_name": "Thankgod",
      "first_name": "Codertjay",
      "thumbnail": "",
      "middle_name": "Thankgod",
      "job_title": "computer programming",
      "department": "Tech dep",
      "sector": "Engineering",
      "want": "SIBLING",
      "email": "deed@gmail.com",
      "mobile": "2222222",
      "lead_source": "GOOGLE",
      "assigned_marketer": "b7ee83fa-fdf1-461e-a775-55cc184581e4",
      "is_safe": false,
      "verified": false,
      "paying": false,
      "send_email": null,
      "gender": "MALE",
      "category": "NOT_AWARE",
      "timestamp": "2023-01-06T08:53:45.577Z",
      "groups": [
        "373a62ff-41fb-4152-ade1-c038174b1724"
      ]
    }
  },
  {
    "model": "leads.leadcontact",
    "pk": "33ec16e2-9992-48da-bc66-725a7d4ab50e",
    "fields": {
      "prefix": "Mr",
      "lead_type": null,
      "company": "b80d9312-ce8b-4e76-b6e6-02034d2ba28a",
      "last_name": "Thankgod",
      "first_name": "Codertjay",
      "thumbnail": "",
      "middle_name": "Thankgod",
      "job_title": "computer programming",
      "department": "Tech dep",
      "sector": "Engineering",
      "want": "SIBLING",
      "email": "codertjay@gmail.com",
      "mobile": "2222222",
      "lead_source": "GOOGLE",
      "assigned_marketer": "efb34d58-7906-4437-b8b9-027316e70bbb",
      "is_safe": false,
      "verified": false,
      "paying": false,
      "send_email": null,
      "gender": "MALE",
      "category": "NOT_AWARE",
      "timestamp": "2022-12-27T16:26:20.724Z",
      "groups": [
        "c2fea5c5-d743-44ce-9020-a3d81db02466"
      ]
    }
  },
  {
    "model": "leads.leadcontact",
    "pk": "3bd32ed9-40de-43e2-be80-9848168f2840",
    "fields": {
      "prefix": "Mr",
      "lead_type": null,
      "company": "b80d9312-ce8b-4e76-b6e6-02034d2ba28a",
      "last_name": "Divine",
      "first_name": "Aselemi",
      "thumbnail": "",
      "middle_name": "Thankgod",
      "job_title": "computer programming",
      "department": "Tech dep",
      "sector": "Engineering",
      "want": "SIBLING",
      "email": "codertja34567y@gmail.com",
      "mobile": "2222222",
      "lead_source": "GOOGLE",
      "assigned_marketer": "efb34d58-7906-4437-b8b9-027316e70bbb",
      "is_safe": false,
      "verified": false,
      "paying": false,
      "send_email": null,
      "gender": "MALE",
      "category": "NOT_AWARE",
      "timestamp": "2022-12-27T16:33:44.946Z",
      "groups": [
        "c2fea5c5-d743-44ce-9020-a3d81db02466"
      ]
    }
  },
  {
    "model": "leads.leadcontact",
    "pk": "50e5a24f-ec65-4027-b820-9fe99d61c24d",
    "fields": {
      "prefix": "Mr",
      "lead_type": null,
      "company": "b80d9312-ce8b-4e76-b6e6-02034d2ba28a",
      "last_name": "Thankgod",
      "first_name": "Codertjay",
      "thumbnail": "",
      "middle_name": "Thankgod",
      "job_title": "computer programming",
      "department": "Tech dep",
      "sector": "Engineering",
      "want": "SIBLING",
      "email": "demieddd@gmail.com",
      "mobile": "2222222",
      "lead_source": "GOOGLE",
      "assigned_marketer": "b7ee83fa-fdf1-461e-a775-55cc184581e4",
      "is_safe": false,
      "verified": false,
      "paying": false,
      "send_email": null,
      "gender": "MALE",
      "category": "NOT_AWARE",
      "timestamp": "2023-01-06T08:45:23.811Z",
      "groups": [
        "373a62ff-41fb-4152-ade1-c038174b1724"
      ]
    }
  },
  {
    "model": "leads.leadcontact",
    "pk": "5f5492e5-39e3-4cf6-aa7d-256414808888",
    "fields": {
      "prefix": "Mr",
      "lead_type": null,
      "company": "b80d9312-ce8b-4e76-b6e6-02034d2ba28a",
      "last_name": "Divine",
      "first_name": "Aselemi",
      "thumbnail": "",
      "middle_name": "Thankgod",
      "job_title": "computer programming",
      "department": "Tech dep",
      "sector": "Engineering",
      "want": "SIBLING",
      "email": "helloy@gmail.com",
      "mobile": "2222222",
      "lead_source": "GOOGLE",
      "assigned_marketer": "efb34d58-7906-4437-b8b9-027316e70bbb",
      "is_safe": false,
      "verified": false,
      "paying": false,
      "send_email": null,
      "gender": "MALE",
      "category": "NOT_AWARE",
      "timestamp": "2022-12-27T16:34:28.775Z",
      "groups": [
        "c2fea5c5-d743-44ce-9020-a3d81db02466"
      ]
    }
  },
  {
    "model": "schedules.userschedulecall",
    "pk": "096a89e8-5e24-472e-8078-689c3518c87f",
    "fields": {
      "assigned_marketer": "efb34d58-7906-4437-b8b9-027316e70bbb",
      "first_name": "Favour",
      "last_name": "Afenikhena",
      "age_range": null,
      "email": "favourtjay@gmail.com",
      "location": "Lagos,Nigeria",
      "gender": "MALE",
      "phone": "23457555",
      "age": null,
      "communication_medium": "SMS",
      "scheduled_date": "2022-12-12T00:00:00Z",
      "employed": null,
      "other_training": null,
      "other_training_lesson": null,
      "will_pay": null,
      "income_range": null,
      "knowledge_scale": 50,
      "have_laptop": true,
      "will_get_laptop": null,
      "when_get_laptop": null,
      "good_internet": true,
      "weekly_commitment": null,
      "saturday_check_in": null,
      "hours_per_week": "",
      "catch_up_per_hours_weeks": null,
      "more_details": "I would like to share this detail . I dont know .",
      "kids_count": 4,
      "kids_years": null,
      "time_close_from_school": "3pm",
      "user_type": "PARENT",
      "schedule_call": "1c5cbb41-af49-498e-969b-316b4f691d6e",
      "lead_contact": null,
      "schedule_category": "PENDING",
      "eligible": null,
      "timestamp": "2022-12-16T12:03:04.857Z",
      "groups": [
        "f8b9c3f0-f765-4d65-ae45-b522ad66a204"
      ]
    }
  },
  {
    "model": "schedules.userschedulecall",
    "pk": "1eff0ad2-105c-448b-aec8-e2bdd9951ff3",
    "fields": {
      "assigned_marketer": "b7ee83fa-fdf1-461e-a775-55cc184581e4",
      "first_name": "Sodiq",
      "last_name": "Makinde",
      "age_range": null,
      "email": "deretsdhch@gmail.com",
      "location": "Ogun,Nigeria",
      "gender": "FEMALE",
      "phone": "23457555",
      "age": null,
      "communication_medium": "SMS",
      "scheduled_date": "2022-12-12T00:00:00Z",
      "employed": true,
      "other_training": true,
      "other_training_lesson": "Yeah i learn from this and that",
      "will_pay": null,
      "income_range": null,
      "knowledge_scale": 80,
      "have_laptop": true,
      "will_get_laptop": null,
      "when_get_laptop": null,
      "good_internet": true,
      "weekly_commitment": null,
      "saturday_check_in": null,
      "hours_per_week": "",
      "catch_up_per_hours_weeks": null,
      "more_details": "I would like to share this detail . I dont know .",
      "kids_count": 4,
      "kids_years": null,
      "time_close_from_school": "4pm",
      "user_type": "INDIVIDUAL",
      "schedule_call": "1c5cbb41-af49-498e-969b-316b4f691d6e",
      "lead_contact": null,
      "schedule_category": "PENDING",
      "eligible": null,
      "timestamp": "2023-01-06T08:55:38.757Z",
      "groups": [
        "f8b9c3f0-f765-4d65-ae45-b522ad66a204"
      ]
    }
  },
  {
    "model": "schedules.userschedulecall",
    "pk": "3f03d03a-8ec7-4d40-894f-1783bbc8c2ab",
    "fields": {
      "assigned_marketer": "efb34d58-7906-4437-b8b9-027316e70bbb",
      "first_name": "Sodiq",
      "last_name": "Makinde",
      "age_range": null,
      "email": "makindesodiq@gmail.com",
      "location": "Ogun,Nigeria",
      "gender": "FEMALE",
      "phone": "23457555",
      "age": null,
      "communication_medium": "SMS",
      "scheduled_date": "2022-12-12T00:00:00Z",
      "employed": true,
      "other_training": true,
      "other_training_lesson": "Yeah i learn from this and that",
      "will_pay": null,
      "income_range": null,
      "knowledge_scale": 80,
      "have_laptop": true,
      "will_get_laptop": null,
      "when_get_laptop": null,
      "good_internet": true,
      "weekly_commitment": null,
      "saturday_check_in": null,
      "hours_per_week": "",
      "catch_up_per_hours_weeks": null,
      "more_details": "I would like to share this detail . I dont know .",
      "kids_count": 4,
      "kids_years": null,
      "time_close_from_school": "4pm",
      "user_type": "PARENT",
      "schedule_call": "1c5cbb41-af49-498e-969b-316b4f691d6e",
      "lead_contact": null,
      "schedule_category": "PENDING",
      "eligible": null,
      "timestamp": "2022-12-16T15:31:28.556Z",
      "groups": [
        "f8b9c3f0-f765-4d65-ae45-b522ad66a204"
      ]
    }
  },
  {
    "model": "schedules.userschedulecall",
    "pk": "51c6513f-31b9-4dfe-8513-dac328266392",
    "fields": {
      "assigned_marketer": "efb34d58-7906-4437-b8b9-027316e70bbb",
      "first_name": "Sodiq",
      "last_name": "Makinde",
      "age_range": null,
      "email": "favourtjay@gmail.com",
      "location": "Ogun,Nigeria",
      "gender": "MALE",
      "phone": "23457555",
      "age": null,
      "communication_medium": "SMS",
      "scheduled_date": "2022-12-12T00:00:00Z",
      "employed": null,
      "other_training": null,
      "other_training_lesson": null,
      "will_pay": null,
      "income_range": null,
      "knowledge_scale": 80,
      "have_laptop": true,
      "will_get_laptop": null,
      "when_get_laptop": null,
      "good_internet": true,
      "weekly_commitment": null,
      "saturday_check_in": null,
      "hours_per_week": "",
      "catch_up_per_hours_weeks": null,
      "more_details": "I would like to share this detail . I dont know .",
      "kids_count": 4,
      "kids_years": null,
      "time_close_from_school": "3pm",
      "user_type": "PARENT",
      "schedule_call": "1c5cbb41-af49-498e-969b-316b4f691d6e",
      "lead_contact": null,
      "schedule_category": "PENDING",
      "eligible": null,
      "timestamp": "2022-12-16T12:05:08.224Z",
      "groups": [
        "f8b9c3f0-f765-4d65-ae45-b522ad66a204"
      ]
    }
  },
  {
    "model": "schedules.userschedulecall",
    "pk": "7180b215-c8db-498a-a78a-b4ca05d01c67",
    "fields": {
      "assigned_marketer": "efb34d58-7906-4437-b8b9-027316e70bbb",
      "first_name": "Favour",
      "last_name": "Afenikhena",
      "age_range": null,
      "email": "PARENT@gmkamil.com",
      "location": "Lagos,Nigeria",
      "gender": "MALE",
      "phone": "23457555",
      "age": null,
      "communication_medium": "SMS",
      "scheduled_date": "2022-12-12T00:00:00Z",
      "employed": null,
      "other_training": null,
      "other_training_lesson": null,
      "will_pay": null,
      "income_range": null,
      "knowledge_scale": 50,
      "have_laptop": true,
      "will_get_laptop": null,
      "when_get_laptop": null,
      "good_internet": true,
      "weekly_commitment": null,
      "saturday_check_in": null,
      "hours_per_week": "",
      "catch_up_per_hours_weeks": null,
      "more_details": "I would like to share this detail . I dont know .",
      "kids_count": 4,
      "kids_years": null,
      "time_close_from_school": "3pm",
      "user_type": "PARENT",
      "schedule_call": "1c5cbb41-af49-498e-969b-316b4f691d6e",
      "lead_contact": null,
      "schedule_category": "PENDING",
      "eligible": null,
      "timestamp": "2022-12-16T12:02:22.088Z",
      "groups": [
        "f8b9c3f0-f765-4d65-ae45-b522ad66a204"
      ]
    }
  },
  {
    "model": "schedules.userschedulecall",
    "pk": "74c51e4d-c960-4583-8430-3ea5edf952be",
    "fields": {
      "assigned_marketer": "b7ee83fa-fdf1-461e-a775-55cc184581e4",
      "first_name": "Sodiq",
      "last_name": "Makinde",
      "age_range": null,
      "email": "deretsdhch@gmail.com",
      "location": "Ogun,Nigeria",
      "gender": "FEMALE",
      "phone": "23457555",
      "age": 50,
      "communication_medium": "SMS",
      "scheduled_date": "2022-12-12T00:00:00Z",
      "employed": true,
      "other_training": true,
      "other_training_lesson": "Yeah i learn from this and that",
      "will_pay": null,
      "income_range": "200",
      "knowledge_scale": 80,
      "have_laptop": true,
      "will_get_laptop": null,
      "when_get_laptop": null,
      "good_internet": true,
      "weekly_commitment": null,
      "saturday_check_in": null,
      "hours_per_week": "",
      "catch_up_per_hours_weeks": null,
      "more_details": "I would like to share this detail . I dont know .",
      "kids_count": 4,
      "kids_years": null,
      "time_close_from_school": "4pm",
      "user_type": "INDIVIDUAL",
      "schedule_call": "1c5cbb41-af49-498e-969b-316b4f691d6e",
      "lead_contact": null,
      "schedule_category": "PENDING",
      "eligible": true,
      "timestamp": "2023-01-06T08:56:39.498Z",
      "groups": [
        "f8b9c3f0-f765-4d65-ae45-b522ad66a204"
      ]
    }
  },
  {
    "model": "schedules.userschedulecall",
    "pk": "92e8a3ab-fe24-4241-81a7-9378a388d6ea",
    "fields": {
      "assigned_marketer": "efb34d58-7906-4437-b8b9-027316e70bbb",
      "first_name": "Sodiq",
      "last_name": "Makinde",
      "age_range": null,
      "email": "makindesodiq@gmail.com",
      "location": "Ogun,Nigeria",
      "gender": "FEMALE",
      "phone": "23457555",
      "age": null,
      "communication_medium": "SMS",
      "scheduled_date": "2022-12-12T00:00:00Z",
      "employed": true,
      "other_training": true,
      "other_training_lesson": "Yeah i learn from this and that",
      "will_pay": null,
      "income_range": null,
      "knowledge_scale": 80,
      "have_laptop": true,
      "will_get_laptop": null,
      "when_get_laptop": null,
      "good_internet": true,
      "weekly_commitment": null,
      "saturday_check_in": null,
      "hours_per_week": "",
      "catch_up_per_hours_weeks": null,
      "more_details": "I would like to share this detail . I dont know .",
      "kids_count": 4,
      "kids_years": null,
      "time_close_from_school": "4pm",
      "user_type": "PARENT",
      "schedule_call": "1c5cbb41-af49-498e-969b-316b4f691d6e",
      "lead_contact": null,
      "schedule_category": "PENDING",
      "eligible": null,
      "timestamp": "2022-12-16T12:41:13.880Z",
      "groups": [
        "f8b9c3f0-f765-4d65-ae45-b522ad66a204"
      ]
    }
  },
  {
    "model": "schedules.userschedulecall",
    "pk": "9a4170c7-a1fc-400d-9ebc-db8e6ca37f37",
    "fields": {
      "assigned_marketer": "6113eed5-ba64-4072-bf1a-8e05c61f5480",
      "first_name": "Sodiq",
      "last_name": "Chukwu",
      "age_range": null,
      "email": "deretsdhch@gmail.com",
      "location": "Ogun,Nigeria",
      "gender": "FEMALE",
      "phone": "23457555",
      "age": 50,
      "communication_medium": "SMS",
      "scheduled_date": "2022-12-12T00:00:00Z",
      "employed": true,
      "other_training": true,
      "other_training_lesson": "Yeah i learn from this and that",
      "will_pay": null,
      "income_range": "18-24",
      "knowledge_scale": 80,
      "have_laptop": true,
      "will_get_laptop": null,
      "when_get_laptop": null,
      "good_internet": true,
      "weekly_commitment": null,
      "saturday_check_in": true,
      "hours_per_week": "",
      "catch_up_per_hours_weeks": null,
      "more_details": "I would like to share this detail . I dont know .",
      "kids_count": 4,
      "kids_years": null,
      "time_close_from_school": "4pm",
      "user_type": "INDIVIDUAL",
      "schedule_call": "1c5cbb41-af49-498e-969b-316b4f691d6e",
      "lead_contact": null,
      "schedule_category": "PENDING",
      "eligible": true,
      "timestamp": "2023-01-06T08:59:18.846Z",
      "groups": [
        "f8b9c3f0-f765-4d65-ae45-b522ad66a204"
      ]
    }
  },
  {
    "model": "schedules.userschedulecall",
    "pk": "abb4bf20-961b-4b57-b225-1af51d77a4fc",
    "fields": {
      "assigned_marketer": "ee1e6b60-fb53-4f6a-9481-769cf7419e4a",
      "first_name": "Makinde",
      "last_name": "Bombee",
      "age_range": "18-24",
      "email": "msodq2018@gmail.com",
      "location": "Lagos,Nigeria",
      "gender": "MALE",
      "phone": "08023542997",
      "age": 30,
      "communication_medium": "ZOOM",
      "scheduled_date": "2023-01-26T00:00:00Z",
      "employed": true,
      "other_training": true,
      "other_training_lesson": "Javascript,Python",
      "will_pay": true,
      "income_range": ">500",
      "knowledge_scale": 9,
      "have_laptop": true,
      "will_get_laptop": true,
      "when_get_laptop": null,
      "good_internet": null,
      "weekly_commitment": null,
      "saturday_check_in": null,
      "hours_per_week": "2hrs",
      "catch_up_per_hours_weeks": null,
      "more_details": "",
      "kids_count": null,
      "kids_years": null,
      "time_close_from_school": null,
      "user_type": null,
      "schedule_call": null,
      "lead_contact": null,
      "schedule_category": "PENDING",
      "eligible": true,
      "timestamp": "2023-01-04T15:06:42.512Z",
      "groups": [
        "c2fea5c5-d743-44ce-9020-a3d81db02466"
      ]
    }
  },
  {
    "model": "schedules.userschedulecall",
    "pk": "b2336e92-73e6-4e27-9216-ff8ac4e42285",
    "fields": {
      "assigned_marketer": "efb34d58-7906-4437-b8b9-027316e70bbb",
      "first_name": "Durosakin",
      "last_name": "Maxwell",
      "age_range": null,
      "email": "hellocheck@gmail.com",
      "location": "Ogun,Nigeria",
      "gender": "MALE",
      "phone": "08023542997",
      "age": 19,
      "communication_medium": "SMS",
      "scheduled_date": "2022-12-12T00:00:00Z",
      "employed": true,
      "other_training": true,
      "other_training_lesson": "Yeah i learn from this and that",
      "will_pay": true,
      "income_range": "<200",
      "knowledge_scale": 8,
      "have_laptop": true,
      "will_get_laptop": true,
      "when_get_laptop": null,
      "good_internet": true,
      "weekly_commitment": null,
      "saturday_check_in": null,
      "hours_per_week": "2hrs",
      "catch_up_per_hours_weeks": null,
      "more_details": "I would like to share this detail . I dont know .",
      "kids_count": 4,
      "kids_years": null,
      "time_close_from_school": "4pm",
      "user_type": "INDIVIDUAL",
      "schedule_call": "1c5cbb41-af49-498e-969b-316b4f691d6e",
      "lead_contact": null,
      "schedule_category": "PENDING",
      "eligible": true,
      "timestamp": "2022-12-16T15:32:15.493Z",
      "groups": [
        "f8b9c3f0-f765-4d65-ae45-b522ad66a204"
      ]
    }
  },
  {
    "model": "schedules.userschedulecall",
    "pk": "be336498-e338-42ef-af61-dd28f1cf1442",
    "fields": {
      "assigned_marketer": "6113eed5-ba64-4072-bf1a-8e05c61f5480",
      "first_name": "Sodiq",
      "last_name": "Makinde",
      "age_range": null,
      "email": "deretsdhch@gmail.com",
      "location": "Ogun,Nigeria",
      "gender": "FEMALE",
      "phone": "23457555",
      "age": 50,
      "communication_medium": "SMS",
      "scheduled_date": "2022-12-12T00:00:00Z",
      "employed": true,
      "other_training": true,
      "other_training_lesson": "Yeah i learn from this and that",
      "will_pay": null,
      "income_range": "200",
      "knowledge_scale": 80,
      "have_laptop": true,
      "will_get_laptop": null,
      "when_get_laptop": null,
      "good_internet": true,
      "weekly_commitment": null,
      "saturday_check_in": null,
      "hours_per_week": "",
      "catch_up_per_hours_weeks": null,
      "more_details": "I would like to share this detail . I dont know .",
      "kids_count": 4,
      "kids_years": null,
      "time_close_from_school": "4pm",
      "user_type": "INDIVIDUAL",
      "schedule_call": "1c5cbb41-af49-498e-969b-316b4f691d6e",
      "lead_contact": null,
      "schedule_category": "PENDING",
      "eligible": null,
      "timestamp": "2023-01-06T08:56:21.051Z",
      "groups": [
        "f8b9c3f0-f765-4d65-ae45-b522ad66a204"
      ]
    }
  },
  {
    "model": "schedules.userschedulecall",
    "pk": "d64944fe-b964-4763-8ea5-b012ad4b91fa",
    "fields": {
      "assigned_marketer": "efb34d58-7906-4437-b8b9-027316e70bbb",
      "first_name": "Sodiq",
      "last_name": "Makinde",
      "age_range": null,
      "email": "makindesodiq@gmail.com",
      "location": "Ogun,Nigeria",
      "gender": "FEMALE",
      "phone": "23457555",
      "age": null,
      "communication_medium": "SMS",
      "scheduled_date": "2022-12-12T00:00:00Z",
      "employed": null,
      "other_training": null,
      "other_training_lesson": null,
      "will_pay": null,
      "income_range": null,
      "knowledge_scale": 80,
      "have_laptop": true,
      "will_get_laptop": null,
      "when_get_laptop": null,
      "good_internet": true,
      "weekly_commitment": null,
      "saturday_check_in": null,
      "hours_per_week": "",
      "catch_up_per_hours_weeks": null,
      "more_details": "I would like to share this detail . I dont know .",
      "kids_count": 4,
      "kids_years": null,
      "time_close_from_school": "4pm",
      "user_type": "PARENT",
      "schedule_call": "1c5cbb41-af49-498e-969b-316b4f691d6e",
      "lead_contact": null,
      "schedule_category": "PENDING",
      "eligible": null,
      "timestamp": "2022-12-16T12:17:45.947Z",
      "groups": [
        "f8b9c3f0-f765-4d65-ae45-b522ad66a204"
      ]
    }
  },
  {
    "model": "schedules.schedulecall",
    "pk": "1c5cbb41-af49-498e-969b-316b4f691d6e",
    "fields": {
      "staff": "efb34d58-7906-4437-b8b9-027316e70bbb",
      "company": null,
      "group": null,
      "title": "30 Minutes Schedule",
      "slug": "30-Minutes-Schedule",
      "minutes": 30,
      "description": null,
      "meeting_link": "https://meeting.google.com/?fssnbj",
      "redirect_link": null,
      "redirect_link_title": null,
      "timestamp": "2022-12-16T12:01:59.363Z"
    }
  },
  {
    "model": "high_value_contents.highvaluecontent",
    "pk": "3501389f-9b03-41b4-a7d5-2c3a751c2f52",
    "fields": {
      "company": "b80d9312-ce8b-4e76-b6e6-02034d2ba28a",
      "created_by": "efb34d58-7906-4437-b8b9-027316e70bbb",
      "last_edit_by": "efb34d58-7906-4437-b8b9-027316e70bbb",
      "group": "53932f79-c2aa-4ec3-9c41-b209c8e88ec4",
      "title": "Best Content",
      "slug": "best-content",
      "description": "If you see this content ....... close your eyes",
      "thumbnail": "downloads/new_BVYkLKZ.jpg",
      "file": "downloads/cscharmonized_rqrHzoB.pdf",
      "link": "https://drive.google.com/drive/u/0/my-drive",
      "youtube_link": "https://drive.google.com/drive/u/0/my-drive",
      "vimeo_link": "https://drive.google.com/drive/u/0/my-drive",
      "vimeo_hash_key": "https://drive.google.com/drive/u/0/my-drive",
      "schedule_link": "",
      "last_edit": "2023-01-09T10:54:00.023Z",
      "upload_date": "2023-01-09T04:30:44Z",
      "publish": true,
      "timestamp": "2023-01-09T04:30:44Z"
    }
  },
  {
    "model": "high_value_contents.highvaluecontent",
    "pk": "37901307-5fb4-4ba6-b0c8-67e49156c188",
    "fields": {
      "company": "b80d9312-ce8b-4e76-b6e6-02034d2ba28a",
      "created_by": "efb34d58-7906-4437-b8b9-027316e70bbb",
      "last_edit_by": "efb34d58-7906-4437-b8b9-027316e70bbb",
      "group": "53932f79-c2aa-4ec3-9c41-b209c8e88ec4",
      "title": "Good Content",
      "slug": "good-content-a2f",
      "description": "If you see this content ....... close your eyes",
      "thumbnail": "downloads/new.jpg",
      "file": "downloads/cscharmonized.pdf",
      "link": "https://drive.google.com/drive/u/0/my-drive",
      "youtube_link": "https://drive.google.com/drive/u/0/my-drive",
      "vimeo_link": "https://drive.google.com/drive/u/0/my-drive",
      "vimeo_hash_key": "https://drive.google.com/drive/u/0/my-drive",
      "schedule_link": "",
      "last_edit": "2023-01-09T10:54:56.273Z",
      "upload_date": "2023-01-09T04:30:06Z",
      "publish": true,
      "timestamp": "2023-01-09T04:30:06Z"
    }
  },
  {
    "model": "high_value_contents.highvaluecontent",
    "pk": "78d07ccb-bace-4ecd-a85f-4ddb8ce9ce34",
    "fields": {
      "company": "b80d9312-ce8b-4e76-b6e6-02034d2ba28a",
      "created_by": "efb34d58-7906-4437-b8b9-027316e70bbb",
      "last_edit_by": null,
      "group": "53932f79-c2aa-4ec3-9c41-b209c8e88ec4",
      "title": "Miji",
      "slug": "miji",
      "description": "api/v1/high_value_contents/content/",
      "thumbnail": "",
      "file": "downloads/alexander-shatov-9Zjd7PE_FRM-unsplash.jpg",
      "link": "https://instincthub-oxyka.ondigitalocean.app/blog",
      "youtube_link": null,
      "vimeo_link": null,
      "vimeo_hash_key": null,
      "schedule_link": "",
      "last_edit": "2023-01-11T19:51:58.700Z",
      "upload_date": "2023-01-11T19:51:58.647Z",
      "publish": false,
      "timestamp": "2023-01-11T19:51:58.648Z"
    }
  },
  {
    "model": "high_value_contents.highvaluecontent",
    "pk": "a2f4da23-19e8-4424-a366-46e164d9f226",
    "fields": {
      "company": "b80d9312-ce8b-4e76-b6e6-02034d2ba28a",
      "created_by": null,
      "last_edit_by": null,
      "group": "53932f79-c2aa-4ec3-9c41-b209c8e88ec4",
      "title": "My Python Book",
      "slug": "good-content",
      "description": "If you see this content ....... close your eyes",
      "thumbnail": "",
      "file": "",
      "link": "https://drive.google.com/drive/u/0/my-drive",
      "youtube_link": "https://drive.google.com/drive/u/0/my-drive",
      "vimeo_link": "https://drive.google.com/drive/u/0/my-drive",
      "vimeo_hash_key": "https://drive.google.com/drive/u/0/my-drive",
      "schedule_link": "",
      "last_edit": "2023-01-09T10:56:25.553Z",
      "upload_date": "2023-01-06T13:48:15Z",
      "publish": true,
      "timestamp": "2023-01-06T13:48:15Z"
    }
  },
  {
    "model": "high_value_contents.highvaluecontent",
    "pk": "b457ad18-f9d2-4aa3-9957-f7bbbc809496",
    "fields": {
      "company": "b80d9312-ce8b-4e76-b6e6-02034d2ba28a",
      "created_by": "efb34d58-7906-4437-b8b9-027316e70bbb",
      "last_edit_by": null,
      "group": "53932f79-c2aa-4ec3-9c41-b209c8e88ec4",
      "title": "Serious Minded",
      "slug": "serious-minded",
      "description": "Taking a course on coding requires adequate effort and time and can be challenging; this is why InstinctHub gives you an exclusive path to a community of supports (tutors and students) that provides opportunities to make learning easier and faster. Be assured of our guidance throughout this programme, working with you to build a professional portfolio and provide you with code challenges and quizzes.",
      "thumbnail": "",
      "file": "downloads/alexander-shatov-SXfwXS0jWNg-unsplash.jpg",
      "link": "https://instincthub-oxyka.ondigitalocean.app/blog",
      "youtube_link": null,
      "vimeo_link": null,
      "vimeo_hash_key": null,
      "schedule_link": "",
      "last_edit": "2023-01-11T19:55:59.053Z",
      "upload_date": "2023-01-11T19:55:59.046Z",
      "publish": false,
      "timestamp": "2023-01-11T19:55:59.046Z"
    }
  },
  {
    "model": "high_value_contents.highvaluecontent",
    "pk": "c4ba918a-3fca-484f-88a8-c47810821771",
    "fields": {
      "company": "b80d9312-ce8b-4e76-b6e6-02034d2ba28a",
      "created_by": null,
      "last_edit_by": "efb34d58-7906-4437-b8b9-027316e70bbb",
      "group": "53932f79-c2aa-4ec3-9c41-b209c8e88ec4",
      "title": "New title",
      "slug": "good-content-a2f4da23-19e8-4424-a366-46e164d9f226-dc9c2af7-05ea-425c-8ad2-7fc0a8bef710",
      "description": "If you see this content ....... close your eyes",
      "thumbnail": "",
      "file": "",
      "link": "https://drive.google.com/drive/u/0/my-drive",
      "youtube_link": "https://drive.google.com/drive/u/0/my-drive",
      "vimeo_link": "https://drive.google.com/drive/u/0/my-drive",
      "vimeo_hash_key": "https://drive.google.com/drive/u/0/my-drive",
      "schedule_link": "",
      "last_edit": "2023-01-09T04:31:35.625Z",
      "upload_date": "2023-01-06T13:48:20.392Z",
      "publish": true,
      "timestamp": "2023-01-06T13:48:20.392Z"
    }
  },
  {
    "model": "high_value_contents.highvaluecontent",
    "pk": "ccf0538f-5cc2-4dd1-a81c-8be39d6f0b8c",
    "fields": {
      "company": "b80d9312-ce8b-4e76-b6e6-02034d2ba28a",
      "created_by": "efb34d58-7906-4437-b8b9-027316e70bbb",
      "last_edit_by": "efb34d58-7906-4437-b8b9-027316e70bbb",
      "group": "373a62ff-41fb-4152-ade1-c038174b1724",
      "title": "30 days Effective Coding",
      "slug": "30-days-effective-coding",
      "description": "In publishing and graphic design, Lorem ipsum is a placeholder text commonly used to demonstrate the visual form of a document or a typeface without relying on meaningful content. Lorem ipsum may be used as a placeholder before final copy is available.",
      "thumbnail": "",
      "file": "",
      "link": null,
      "youtube_link": null,
      "vimeo_link": null,
      "vimeo_hash_key": null,
      "schedule_link": "",
      "last_edit": "2023-01-09T10:56:41.030Z",
      "upload_date": "2023-01-06T13:42:33Z",
      "publish": true,
      "timestamp": "2023-01-06T13:42:33Z"
    }
  },
  {
    "model": "high_value_contents.highvaluecontent",
    "pk": "d924377e-e7a5-4d50-8884-42a6f8799b34",
    "fields": {
      "company": "b80d9312-ce8b-4e76-b6e6-02034d2ba28a",
      "created_by": "efb34d58-7906-4437-b8b9-027316e70bbb",
      "last_edit_by": "efb34d58-7906-4437-b8b9-027316e70bbb",
      "group": "53932f79-c2aa-4ec3-9c41-b209c8e88ec4",
      "title": "New Content",
      "slug": "new-content",
      "description": "If you see this content ....... close your eyes",
      "thumbnail": "downloads/new_1aWUqJq.jpg",
      "file": "downloads/cscharmonized_uSTCS6E.pdf",
      "link": "https://drive.google.com/drive/u/0/my-drive",
      "youtube_link": "https://drive.google.com/drive/u/0/my-drive",
      "vimeo_link": "https://drive.google.com/drive/u/0/my-drive",
      "vimeo_hash_key": "https://drive.google.com/drive/u/0/my-drive",
      "schedule_link": "",
      "last_edit": "2023-01-09T10:53:43.474Z",
      "upload_date": "2023-01-09T04:30:57Z",
      "publish": true,
      "timestamp": "2023-01-09T04:30:57Z"
    }
  },
  {
    "model": "high_value_contents.highvaluecontent",
    "pk": "dc9c2af7-05ea-425c-8ad2-7fc0a8bef710",
    "fields": {
      "company": "b80d9312-ce8b-4e76-b6e6-02034d2ba28a",
      "created_by": "efb34d58-7906-4437-b8b9-027316e70bbb",
      "last_edit_by": "efb34d58-7906-4437-b8b9-027316e70bbb",
      "group": "53932f79-c2aa-4ec3-9c41-b209c8e88ec4",
      "title": "Good Content",
      "slug": "good-content-a2f4424-a366-46e164d9f226",
      "description": "If you see this content ....... close your eyes",
      "thumbnail": "",
      "file": "",
      "link": "https://drive.google.com/drive/u/0/my-drive",
      "youtube_link": "https://drive.google.com/drive/u/0/my-drive",
      "vimeo_link": "https://drive.google.com/drive/u/0/my-drive",
      "vimeo_hash_key": "https://drive.google.com/drive/u/0/my-drive",
      "schedule_link": "",
      "last_edit": "2023-01-09T10:56:00.030Z",
      "upload_date": "2023-01-06T13:48:18Z",
      "publish": true,
      "timestamp": "2023-01-06T13:48:18Z"
    }
  },
  {
    "model": "high_value_contents.highvaluecontent",
    "pk": "ee358ee6-d6f4-477e-9c46-99b6b89520d7",
    "fields": {
      "company": "b80d9312-ce8b-4e76-b6e6-02034d2ba28a",
      "created_by": "efb34d58-7906-4437-b8b9-027316e70bbb",
      "last_edit_by": "ee1e6b60-fb53-4f6a-9481-769cf7419e4a",
      "group": "53932f79-c2aa-4ec3-9c41-b209c8e88ec4",
      "title": "Good Content",
      "slug": "good-content-a2f366-46e164d9f226-dc9c2af7-05ea-425c-8ad2-7fc0a8bef710-c4ba918a-3fca-484f-88a8-c47810821771",
      "description": "If you see this content ....... close your eyes",
      "thumbnail": "",
      "file": "",
      "link": "https://drive.google.com/drive/u/0/my-drive",
      "youtube_link": "https://drive.google.com/drive/u/0/my-drive",
      "vimeo_link": "https://drive.google.com/drive/u/0/my-drive",
      "vimeo_hash_key": "https://drive.google.com/drive/u/0/my-drive",
      "schedule_link": "",
      "last_edit": "2023-01-09T10:55:34.511Z",
      "upload_date": "2023-01-06T13:48:22Z",
      "publish": true,
      "timestamp": "2023-01-06T13:48:22Z"
    }
  },
  {
    "model": "high_value_contents.highvaluecontent",
    "pk": "f1681d35-4a41-49e8-a9f6-3e5813fa494e",
    "fields": {
      "company": "b80d9312-ce8b-4e76-b6e6-02034d2ba28a",
      "created_by": "efb34d58-7906-4437-b8b9-027316e70bbb",
      "last_edit_by": "efb34d58-7906-4437-b8b9-027316e70bbb",
      "group": "53932f79-c2aa-4ec3-9c41-b209c8e88ec4",
      "title": "New title",
      "slug": "normal-content",
      "description": "If you see this content ....... close your eyes",
      "thumbnail": "downloads/new_1qquex7.jpg",
      "file": "downloads/cscharmonized_AvVfXmA.pdf",
      "link": "https://drive.google.com/drive/u/0/my-drive",
      "youtube_link": "https://drive.google.com/drive/u/0/my-drive",
      "vimeo_link": "https://drive.google.com/drive/u/0/my-drive",
      "vimeo_hash_key": "https://drive.google.com/drive/u/0/my-drive",
      "schedule_link": "",
      "last_edit": "2023-01-10T12:03:01.876Z",
      "upload_date": "2023-01-09T04:31:10.308Z",
      "publish": true,
      "timestamp": "2023-01-09T04:31:10.308Z"
    }
  },
  {
    "model": "events.event",
    "pk": "2132708d-3c48-4fe6-8680-6ba2025e02a3",
    "fields": {
      "staff": "efb34d58-7906-4437-b8b9-027316e70bbb",
      "company": "b80d9312-ce8b-4e76-b6e6-02034d2ba28a",
      "email": "estateiqnigeria@gmail.com",
      "title": "SMall Thing",
      "slug": "small-thing",
      "description": "Add moe",
      "location": "Lagos,Nigeria",
      "link_1": "https://instincthub.atlassian.net/browse/ILAUNCH-28",
      "link_2": "https://instincthub.atlassian.net/browse/ILAUNCH-28",
      "image": "events/topNav.png",
      "tags": "Hellpo",
      "price": null,
      "start_date": "2023-02-01T14:03:00Z",
      "end_date": "2023-03-13T14:04:00Z",
      "is_paid": false,
      "timestamp": "2023-01-11T14:09:43.262Z"
    }
  },
  {
    "model": "events.event",
    "pk": "3f038e8e-9546-4ff0-8545-95b0bcae451e",
    "fields": {
      "staff": "efb34d58-7906-4437-b8b9-027316e70bbb",
      "company": "b80d9312-ce8b-4e76-b6e6-02034d2ba28a",
      "email": "dev.codertjay@gmail.com",
      "title": "Instincthub Webinar",
      "slug": "instincthub-webinar",
      "description": "Come with your partner",
      "location": "Lagos,Nigeria",
      "link_1": "https://instincthub.atlassian.net/browse/ILAUNCH-28",
      "link_2": "https://instincthub.atlassian.net/browse/ILAUNCH-28",
      "image": "events/InstincthubPreview.png",
      "tags": "How",
      "price": null,
      "start_date": "2023-01-26T14:10:00Z",
      "end_date": "2023-02-02T14:11:00Z",
      "is_paid": false,
      "timestamp": "2023-01-11T14:12:13.046Z"
    }
  },
  {
    "model": "events.event",
    "pk": "5737c995-1227-4320-8070-6bfc182eac4d",
    "fields": {
      "staff": "b7ee83fa-fdf1-461e-a775-55cc184581e4",
      "company": "f10b5c90-ba4e-4d41-9c1f-9b4b90d483c7",
      "email": "dev.codertjay@gmail.com",
      "title": "Twitter Hangout Nigeria",
      "slug": "twitter-hangout-nigeria",
      "description": "In publishing and graphic design, Lorem ipsum is a placeholder text commonly used to demonstrate the visual form of a document or a typeface without relying on meaningful content. Lorem ipsum may be used as a placeholder before final copy is available.",
      "location": "Lagos,Nigeria",
      "link_1": null,
      "link_2": null,
      "image": "events/alexander-shatov-SXfwXS0jWNg-unsplash.jpg",
      "tags": "Networking,Connections,Investors",
      "price": "10000.00",
      "start_date": "2023-01-28T05:00:00Z",
      "end_date": "2023-01-29T17:00:00Z",
      "is_paid": true,
      "timestamp": "2023-01-04T19:01:58.958Z"
    }
  },
  {
    "model": "events.event",
    "pk": "62cdfbf5-b7e5-4a25-ad43-c2116e3984b5",
    "fields": {
      "staff": null,
      "company": "5c14782a-e88d-43f8-b22f-b3e3dd609b88",
      "email": "noaholatoye101@gmail.com",
      "title": "Makinde Alone with Code",
      "slug": "makinde-alone-with-code",
      "description": "Let's add a meaningful text here that makes sense.Although the lenght of this need to be controlled",
      "location": "Lagos, Nigeria",
      "link_1": null,
      "link_2": null,
      "image": "events/alexander-shatov-ENOcRpYwT68-unsplash.jpg",
      "tags": "housing, Home in Nigeria,  Mortgage",
      "price": "4000.00",
      "start_date": "2023-01-03T20:52:15Z",
      "end_date": "2023-01-03T20:52:17Z",
      "is_paid": true,
      "timestamp": "2023-01-03T20:52:21.968Z"
    }
  },
  {
    "model": "events.event",
    "pk": "85ea77c7-6339-400e-91cd-343fc5e66fcc",
    "fields": {
      "staff": "efb34d58-7906-4437-b8b9-027316e70bbb",
      "company": "b80d9312-ce8b-4e76-b6e6-02034d2ba28a",
      "email": "estateiqnigeria@gmail.com",
      "title": "SMall Thing",
      "slug": "small-thing-2132708d-3c48-4fe6-8680-6ba2025e02a3",
      "description": "Add moe",
      "location": "Lagos,Nigeria",
      "link_1": "https://instincthub.atlassian.net/browse/ILAUNCH-28",
      "link_2": "https://instincthub.atlassian.net/browse/ILAUNCH-28",
      "image": "events/topNav_Vz0r9bD.png",
      "tags": "ght",
      "price": null,
      "start_date": "2023-02-01T14:03:00Z",
      "end_date": "2023-03-13T14:04:00Z",
      "is_paid": false,
      "timestamp": "2023-01-11T14:10:06.834Z"
    }
  },
  {
    "model": "events.event",
    "pk": "b7a9391c-0cfc-4fe2-a8e5-704121e64f67",
    "fields": {
      "staff": "efb34d58-7906-4437-b8b9-027316e70bbb",
      "company": "b80d9312-ce8b-4e76-b6e6-02034d2ba28a",
      "email": "msodq2018@gmail.com",
      "title": "Linkedin Hangout",
      "slug": "linkedin-hangout",
      "description": "COme all",
      "location": "Lagos,Nigeria",
      "link_1": "https://instincthub.atlassian.net/browse/ILAUNCH-28",
      "link_2": "https://instincthub.atlassian.net/browse/ILAUNCH-28",
      "image": "events/alexander-shatov-9Zjd7PE_FRM-unsplash.jpg",
      "tags": "hello",
      "price": null,
      "start_date": "2023-01-12T14:37:00Z",
      "end_date": "2023-01-20T14:37:00Z",
      "is_paid": false,
      "timestamp": "2023-01-11T14:39:08.436Z"
    }
  },
  {
    "model": "events.event",
    "pk": "bb54d219-0746-4130-a137-7dcde90f4ec3",
    "fields": {
      "staff": "efb34d58-7906-4437-b8b9-027316e70bbb",
      "company": "b80d9312-ce8b-4e76-b6e6-02034d2ba28a",
      "email": "msodq2018@gmail.com",
      "title": "Lagos Tesla Day",
      "slug": "lagos-tesla-day",
      "description": "We have designed this course to accommodate your busy schedule as best as we can effectively. However, to keep you focused and motivated, we have provided activities that would include structured deadlines and scheduled assessments to succeed in this programme ultimately.\r\n\r\nWe have incorporated different real-time projects graded by professionals in the industry, giving you all the practical experiences required throughout the programme. Although this course is created with beginners first in mind, there is much you can learn no matter your area of specialization.\r\n\r\nTaking a course on coding requires adequate effort and time and can be challenging; this is why InstinctHub gives you an exclusive path to a community of supports (tutors and students) that provides opportunities to make learning easier and faster. Be assured of our guidance throughout this programme, working with you to build a professional portfolio and provide you with code challenges and quizzes.",
      "location": "Lagos,Nigeria",
      "link_1": "https://instincthub.atlassian.net/browse/ILAUNCH-28",
      "link_2": "https://instincthub.atlassian.net/browse/ILAUNCH-28",
      "image": "events/alexander-shatov-ENOcRpYwT68-unsplash_CZlJEV5.jpg",
      "tags": "chdbch",
      "price": null,
      "start_date": "2023-01-15T14:53:00Z",
      "end_date": "2023-01-25T14:53:00Z",
      "is_paid": false,
      "timestamp": "2023-01-11T14:54:28.591Z"
    }
  },
  {
    "model": "careers.jobtype",
    "pk": "8428dab9-297f-45ed-ab26-bb85e6b5aa53",
    "fields": {
      "job_type": "REMOTE",
      "timestamp": "2022-12-21T22:46:42.872Z"
    }
  },
  {
    "model": "careers.job",
    "pk": "82967f76-ecda-48d2-911a-e9617399721a",
    "fields": {
      "company": "5c14782a-e88d-43f8-b22f-b3e3dd609b88",
      "job_category": "DEVELOPER",
      "job_experience_level": "MID-LEVEL",
      "title": "iOS Engineer",
      "description": "jassasx saaskxsxasx",
      "application_deadline": "2022-12-31",
      "timestamp": "2022-12-21T22:47:53.682Z",
      "job_types": [
        "8428dab9-297f-45ed-ab26-bb85e6b5aa53"
      ]
    }
  },
  {
    "model": "email_logs.emaillog",
    "pk": 1,
    "fields": {
      "company": "5c14782a-e88d-43f8-b22f-b3e3dd609b88",
      "message_id": "wwwwww",
      "message_type": "OTHERS",
      "email_from": "codertjay@gmail.com",
      "email_to": "codertjay@gmail.com",
      "reply_to": "codertjay@gmail.com",
      "max_retries": 5,
      "email_subject": "Subject",
      "description": "My description",
      "error": "",
      "scheduled_date": "2022-12-23T23:04:38Z",
      "status": "PENDING",
      "timestamp": "2022-12-23T23:04:44Z"
    }
  },
  {
    "model": "email_logs.emaillog",
    "pk": 2,
    "fields": {
      "company": "b80d9312-ce8b-4e76-b6e6-02034d2ba28a",
      "message_id": "af1965d7-f073-4ce7-82c4-fa022acefaf7",
      "message_type": "OTHERS",
      "email_from": "Using Company",
      "email_to": "fff@gmail.com",
      "reply_to": "customerSuppport@gmail.com",
      "max_retries": 1,
      "email_subject": "Invitation to Join Using Company",
      "description": "\n            <h1> Hello Favour - \n            None. </h1>\n             <p>Using Company has invited you to join the their organisation\n              you can use this code to join \n             6506509</p>   ",
      "error": null,
      "scheduled_date": "2023-01-06T08:36:38.605Z",
      "status": "SENT",
      "timestamp": "2023-01-06T08:36:38.606Z"
    }
  },
  {
    "model": "email_logs.emaillog",
    "pk": 3,
    "fields": {
      "company": "b80d9312-ce8b-4e76-b6e6-02034d2ba28a",
      "message_id": "30c17ebb-cab7-4c74-b887-362fe31b6912",
      "message_type": "OTHERS",
      "email_from": "Using Company",
      "email_to": "msodq2018@gmail.com",
      "reply_to": "customerSuppport@gmail.com",
      "max_retries": 1,
      "email_subject": "Invitation to Join Using Company",
      "description": "\n            <h1> Hello Favour - \n            None. </h1>\n             <p>Using Company has invited you to join the their organisation\n              you can use this code to join \n             5070514</p>   ",
      "error": null,
      "scheduled_date": "2023-01-06T08:37:17.984Z",
      "status": "SENT",
      "timestamp": "2023-01-06T08:37:17.984Z"
    }
  },
  {
    "model": "email_logs.emaillog",
    "pk": 4,
    "fields": {
      "company": "b80d9312-ce8b-4e76-b6e6-02034d2ba28a",
      "message_id": "58a5a885-1c0a-439f-95bf-6944ac63e417",
      "message_type": "OTHERS",
      "email_from": "Using Company",
      "email_to": "dev.codertjay@gmail.com",
      "reply_to": "customerSuppport@gmail.com",
      "max_retries": 1,
      "email_subject": "Invitation to Join Using Company",
      "description": "\n            <h1> Hello Favour - \n            None. </h1>\n             <p>Using Company has invited you to join the their organisation\n              you can use this code to join \n             3549339</p>   ",
      "error": null,
      "scheduled_date": "2023-01-06T08:37:54.711Z",
      "status": "SENT",
      "timestamp": "2023-01-06T08:37:54.712Z"
    }
  },
  {
    "model": "contacts.contactus",
    "pk": "11dd222e-ec6b-4321-9641-15a40a163513",
    "fields": {
      "company": "b80d9312-ce8b-4e76-b6e6-02034d2ba28a",
      "group": "c2fea5c5-d743-44ce-9020-a3d81db02466",
      "email": "bosedefagoroye@gmail.com",
      "first_name": "Fagoroye",
      "last_name": "Bosede",
      "message": "How do I really start",
      "on_leadboard": false,
      "timestamp": "2023-01-23T19:59:30.038Z"
    }
  },
  {
    "model": "contacts.contactus",
    "pk": "2c9230ec-a831-4d26-bdac-93dcb818e0a4",
    "fields": {
      "company": "b80d9312-ce8b-4e76-b6e6-02034d2ba28a",
      "group": "c2fea5c5-d743-44ce-9020-a3d81db02466",
      "email": "noaholatoye101@gmail.com",
      "first_name": "Noah",
      "last_name": "Olatoye",
      "message": "Hello",
      "on_leadboard": false,
      "timestamp": "2023-01-13T23:43:05.829Z"
    }
  },
  {
    "model": "contacts.contactus",
    "pk": "3553c749-b42c-428d-b9d9-41cebd931201",
    "fields": {
      "company": "b80d9312-ce8b-4e76-b6e6-02034d2ba28a",
      "group": "c2fea5c5-d743-44ce-9020-a3d81db02466",
      "email": "noaholatoye101@gmail.com",
      "first_name": "Noah",
      "last_name": "Olatoye",
      "message": "In production",
      "on_leadboard": false,
      "timestamp": "2023-01-23T12:12:30.863Z"
    }
  },
  {
    "model": "contacts.contactus",
    "pk": "4c1f29b9-e50b-48d9-af24-3aa1e6c326bc",
    "fields": {
      "company": "b80d9312-ce8b-4e76-b6e6-02034d2ba28a",
      "group": "c2fea5c5-d743-44ce-9020-a3d81db02466",
      "email": "noaholatoye101@gmail.com",
      "first_name": "Noah",
      "last_name": "Olatoye",
      "message": "Hello",
      "on_leadboard": false,
      "timestamp": "2023-01-23T09:42:19.977Z"
    }
  },
  {
    "model": "contacts.contactus",
    "pk": "766761b0-310b-4199-891c-31025dc4c8d0",
    "fields": {
      "company": "b80d9312-ce8b-4e76-b6e6-02034d2ba28a",
      "group": "c2fea5c5-d743-44ce-9020-a3d81db02466",
      "email": "noaholatoye@gmail.com",
      "first_name": "Noah",
      "last_name": "Olatoye",
      "message": "Makinde Test",
      "on_leadboard": false,
      "timestamp": "2023-01-23T12:23:49.402Z"
    }
  },
  {
    "model": "contacts.contactus",
    "pk": "a5e66e51-71f0-4df9-b6c0-fb50df212ab2",
    "fields": {
      "company": "b80d9312-ce8b-4e76-b6e6-02034d2ba28a",
      "group": "c2fea5c5-d743-44ce-9020-a3d81db02466",
      "email": "seun.adegoke@consultingbord.com",
      "first_name": "Oluseun",
      "last_name": "Adegoke",
      "message": "Testing",
      "on_leadboard": false,
      "timestamp": "2023-01-19T12:27:50.381Z"
    }
  },
  {
    "model": "contacts.contactus",
    "pk": "ee5d5328-8da9-41ec-a599-41ed79b4f7f5",
    "fields": {
      "company": "b80d9312-ce8b-4e76-b6e6-02034d2ba28a",
      "group": "c2fea5c5-d743-44ce-9020-a3d81db02466",
      "email": "noaholatoye101@gmail.com",
      "first_name": "Noah",
      "last_name": "Olatoye",
      "message": "jaskldadd",
      "on_leadboard": false,
      "timestamp": "2022-12-21T20:05:06.622Z"
    }
  },
  {
    "model": "contacts.newsletter",
    "pk": "0119b659-a14c-4440-a8ea-92acb87e7da9",
    "fields": {
      "company": "b80d9312-ce8b-4e76-b6e6-02034d2ba28a",
      "email": "xsmaax@jjs.com",
      "on_blog": false,
      "timestamp": "2022-12-21T22:31:21.144Z"
    }
  },
  {
    "model": "contacts.newsletter",
    "pk": "024e0c61-e230-4e0a-a19a-643d146074c4",
    "fields": {
      "company": "b80d9312-ce8b-4e76-b6e6-02034d2ba28a",
      "email": "askasa@jss.com",
      "on_blog": false,
      "timestamp": "2022-12-21T12:53:54.300Z"
    }
  },
  {
    "model": "contacts.newsletter",
    "pk": "0cff790e-f0cc-45e8-b230-51d8ed35e68e",
    "fields": {
      "company": "b80d9312-ce8b-4e76-b6e6-02034d2ba28a",
      "email": "ksx@hsj.com",
      "on_blog": false,
      "timestamp": "2022-12-21T12:57:10.301Z"
    }
  },
  {
    "model": "contacts.newsletter",
    "pk": "0d6e7f52-4465-45a5-9efb-5c18fe3b1f39",
    "fields": {
      "company": "b80d9312-ce8b-4e76-b6e6-02034d2ba28a",
      "email": "sdssds@hhjs.com",
      "on_blog": false,
      "timestamp": "2022-12-21T10:00:05.379Z"
    }
  },
  {
    "model": "contacts.newsletter",
    "pk": "188ed162-c8bf-4ed3-9851-210181a4eb63",
    "fields": {
      "company": "b80d9312-ce8b-4e76-b6e6-02034d2ba28a",
      "email": "skills@instincthub.com",
      "on_blog": false,
      "timestamp": "2022-12-21T11:55:05.817Z"
    }
  },
  {
    "model": "contacts.newsletter",
    "pk": "1bd238b4-82d2-4bf1-be72-41aff9a4b091",
    "fields": {
      "company": "b80d9312-ce8b-4e76-b6e6-02034d2ba28a",
      "email": "nnkx@sjs.com",
      "on_blog": false,
      "timestamp": "2022-12-21T12:53:08.938Z"
    }
  },
  {
    "model": "contacts.newsletter",
    "pk": "4567b2b5-b8dd-493b-ab51-d9d00ec5b777",
    "fields": {
      "company": "b80d9312-ce8b-4e76-b6e6-02034d2ba28a",
      "email": "jshdh@kkks.com",
      "on_blog": false,
      "timestamp": "2022-12-21T22:36:40.469Z"
    }
  },
  {
    "model": "contacts.newsletter",
    "pk": "4b7ecf34-ce44-45df-8401-b4b427dbe091",
    "fields": {
      "company": "b80d9312-ce8b-4e76-b6e6-02034d2ba28a",
      "email": "jsks@hsh.com",
      "on_blog": false,
      "timestamp": "2022-12-21T12:42:30.191Z"
    }
  },
  {
    "model": "contacts.newsletter",
    "pk": "55fa3f9e-234f-45f0-b583-9f7452705eca",
    "fields": {
      "company": "b80d9312-ce8b-4e76-b6e6-02034d2ba28a",
      "email": "jsak@hsh.com",
      "on_blog": false,
      "timestamp": "2022-12-21T11:59:31.289Z"
    }
  },
  {
    "model": "contacts.newsletter",
    "pk": "61b9de2c-4c4a-47f0-b41c-c8d7f82d06bb",
    "fields": {
      "company": "b80d9312-ce8b-4e76-b6e6-02034d2ba28a",
      "email": "jskxasx@hh.com",
      "on_blog": false,
      "timestamp": "2022-12-21T22:25:25.680Z"
    }
  },
  {
    "model": "contacts.newsletter",
    "pk": "69d48615-dd89-4bad-af40-26194369d8da",
    "fields": {
      "company": "b80d9312-ce8b-4e76-b6e6-02034d2ba28a",
      "email": "jsk@hsh.com",
      "on_blog": false,
      "timestamp": "2022-12-21T12:36:48.531Z"
    }
  },
  {
    "model": "contacts.newsletter",
    "pk": "6ca0f3bc-f3b9-420f-8f20-8378cd47a047",
    "fields": {
      "company": "b80d9312-ce8b-4e76-b6e6-02034d2ba28a",
      "email": "jskdsss@hsh.com",
      "on_blog": false,
      "timestamp": "2022-12-21T12:48:28.348Z"
    }
  },
  {
    "model": "contacts.newsletter",
    "pk": "7466cbb9-0424-4dba-943e-999d063e2b76",
    "fields": {
      "company": "b80d9312-ce8b-4e76-b6e6-02034d2ba28a",
      "email": "jsk@hh.com",
      "on_blog": false,
      "timestamp": "2022-12-21T12:35:50.053Z"
    }
  },
  {
    "model": "contacts.newsletter",
    "pk": "748a712b-93e9-47f7-a258-c3cb38cd22c4",
    "fields": {
      "company": "b80d9312-ce8b-4e76-b6e6-02034d2ba28a",
      "email": "egederansom@gmail.com",
      "on_blog": false,
      "timestamp": "2023-02-08T12:15:16.189Z"
    }
  },
  {
    "model": "contacts.newsletter",
    "pk": "813b28ee-f681-49be-a3a9-8bea4cda96cb",
    "fields": {
      "company": "b80d9312-ce8b-4e76-b6e6-02034d2ba28a",
      "email": "sasds@jsjs.com",
      "on_blog": false,
      "timestamp": "2022-12-21T22:31:54.844Z"
    }
  },
  {
    "model": "contacts.newsletter",
    "pk": "86b46c35-afe3-4dc9-a2f8-db928ba5db26",
    "fields": {
      "company": "b80d9312-ce8b-4e76-b6e6-02034d2ba28a",
      "email": "djksk@hhsh.com",
      "on_blog": false,
      "timestamp": "2022-12-21T10:05:39.392Z"
    }
  },
  {
    "model": "contacts.newsletter",
    "pk": "8f79671f-6687-4d9a-ba14-74b39e0a1b97",
    "fields": {
      "company": "b80d9312-ce8b-4e76-b6e6-02034d2ba28a",
      "email": "shjdk@hhs.com",
      "on_blog": false,
      "timestamp": "2022-12-21T13:01:45.500Z"
    }
  },
  {
    "model": "contacts.newsletter",
    "pk": "913bc971-b2e1-4230-856e-5ef3e1794530",
    "fields": {
      "company": "b80d9312-ce8b-4e76-b6e6-02034d2ba28a",
      "email": "jsxk@js.com",
      "on_blog": false,
      "timestamp": "2022-12-21T11:58:08.440Z"
    }
  },
  {
    "model": "contacts.newsletter",
    "pk": "934ccc52-9ed9-455e-9f86-c3c3c3ae4b0b",
    "fields": {
      "company": "b80d9312-ce8b-4e76-b6e6-02034d2ba28a",
      "email": "nasmm@jjjs.com",
      "on_blog": false,
      "timestamp": "2022-12-21T22:35:41.765Z"
    }
  },
  {
    "model": "contacts.newsletter",
    "pk": "95c3b8b6-e47f-47d4-924d-e47fa6174548",
    "fields": {
      "company": "b80d9312-ce8b-4e76-b6e6-02034d2ba28a",
      "email": "nerdygeeks@gmail.com",
      "on_blog": false,
      "timestamp": "2023-01-14T13:01:18.591Z"
    }
  },
  {
    "model": "contacts.newsletter",
    "pk": "99ce2442-0683-453d-a00b-9a71f9d5134a",
    "fields": {
      "company": "b80d9312-ce8b-4e76-b6e6-02034d2ba28a",
      "email": "codertjay@gmail.com",
      "on_blog": false,
      "timestamp": "2022-12-21T09:33:45.422Z"
    }
  },
  {
    "model": "contacts.newsletter",
    "pk": "ac6bc7c1-8d8f-4ac9-98c9-ce50a131a1c0",
    "fields": {
      "company": "b80d9312-ce8b-4e76-b6e6-02034d2ba28a",
      "email": "jskdssss@hsh.com",
      "on_blog": false,
      "timestamp": "2022-12-21T12:52:47.240Z"
    }
  },
  {
    "model": "contacts.newsletter",
    "pk": "b468968f-395a-4376-8172-92dfb2f98c56",
    "fields": {
      "company": "b80d9312-ce8b-4e76-b6e6-02034d2ba28a",
      "email": "jhkm@kjdj.com",
      "on_blog": false,
      "timestamp": "2022-12-21T22:26:48.504Z"
    }
  },
  {
    "model": "contacts.newsletter",
    "pk": "b917cf0c-ae41-49be-9cb0-2d28822cdabb",
    "fields": {
      "company": "b80d9312-ce8b-4e76-b6e6-02034d2ba28a",
      "email": "saax@hsjs.com",
      "on_blog": false,
      "timestamp": "2022-12-21T12:59:33.957Z"
    }
  },
  {
    "model": "contacts.newsletter",
    "pk": "bac6bef6-9884-4669-b20a-6dfd543e4db2",
    "fields": {
      "company": "b80d9312-ce8b-4e76-b6e6-02034d2ba28a",
      "email": "noaholatoye101@gmail.com",
      "on_blog": false,
      "timestamp": "2023-01-23T12:24:15.094Z"
    }
  },
  {
    "model": "contacts.newsletter",
    "pk": "d62cf56d-0f9b-4061-a97e-25f03e3a6b9e",
    "fields": {
      "company": "b80d9312-ce8b-4e76-b6e6-02034d2ba28a",
      "email": "designscorecard@gmail.com",
      "on_blog": false,
      "timestamp": "2022-12-21T10:03:10.499Z"
    }
  },
  {
    "model": "contacts.newsletter",
    "pk": "d8711f5e-6b46-4e47-a13d-253a897255a1",
    "fields": {
      "company": "b80d9312-ce8b-4e76-b6e6-02034d2ba28a",
      "email": "jskdss@hsh.com",
      "on_blog": false,
      "timestamp": "2022-12-21T12:43:19.520Z"
    }
  },
  {
    "model": "contacts.newsletter",
    "pk": "e43f3322-a9c8-4689-8f52-d2e63fed0946",
    "fields": {
      "company": "b80d9312-ce8b-4e76-b6e6-02034d2ba28a",
      "email": "noaholatoye@yahoo.com",
      "on_blog": false,
      "timestamp": "2022-12-21T11:49:59.257Z"
    }
  },
  {
    "model": "contacts.newsletter",
    "pk": "eeefc534-d08e-4439-82df-cf6e1d80996e",
    "fields": {
      "company": "b80d9312-ce8b-4e76-b6e6-02034d2ba28a",
      "email": "sds@hhs.com",
      "on_blog": false,
      "timestamp": "2022-12-21T11:55:57.016Z"
    }
  },
  {
    "model": "easy_tax_ussds.easytaxussd",
    "pk": 1,
    "fields": {
      "lga": null,
      "state": null,
      "full_name": null,
      "phone_number": "2347082331054",
      "tax_payer_identification": "",
      "balance": "0.00",
      "year_of_birth": null,
      "gender": null,
      "timestamp": "2023-01-25T08:28:19.262Z"
    }
  },
  {
    "model": "easy_tax_ussds.easytaxussd",
    "pk": 2,
    "fields": {
      "lga": null,
      "state": null,
      "full_name": null,
      "phone_number": "2347066192100",
      "tax_payer_identification": "",
      "balance": "0.00",
      "year_of_birth": null,
      "gender": null,
      "timestamp": "2023-01-25T17:21:17.532Z"
    }
  },
  {
    "model": "easy_tax_ussds.easytaxussd",
    "pk": 3,
    "fields": {
      "lga": null,
      "state": null,
      "full_name": null,
      "phone_number": "2348137558106",
      "tax_payer_identification": "",
      "balance": "0.00",
      "year_of_birth": null,
      "gender": null,
      "timestamp": "2023-01-26T09:42:19.123Z"
    }
  },
  {
    "model": "easy_tax_ussds.easytaxussd",
    "pk": 4,
    "fields": {
      "lga": null,
      "state": null,
      "full_name": "Favour",
      "phone_number": "2348123518992",
      "tax_payer_identification": "",
      "balance": "0.00",
      "year_of_birth": "10000",
      "gender": "MALE",
      "timestamp": "2023-01-26T15:27:18.731Z"
    }
  },
  {
    "model": "easy_tax_ussds.easytaxussd",
    "pk": 5,
    "fields": {
      "lga": null,
      "state": null,
      "full_name": null,
      "phone_number": "2349045389867",
      "tax_payer_identification": "",
      "balance": "0.00",
      "year_of_birth": null,
      "gender": null,
      "timestamp": "2023-01-26T15:43:51.461Z"
    }
  },
  {
    "model": "easy_tax_ussds.easytaxussd",
    "pk": 6,
    "fields": {
      "lga": null,
      "state": null,
      "full_name": null,
      "phone_number": "2348027570405",
      "tax_payer_identification": "",
      "balance": "0.00",
      "year_of_birth": null,
      "gender": null,
      "timestamp": "2023-01-26T17:28:31.385Z"
    }
  },
  {
    "model": "easy_tax_ussds.easytaxussd",
    "pk": 7,
    "fields": {
      "lga": null,
      "state": null,
      "full_name": null,
      "phone_number": "2348126369809",
      "tax_payer_identification": "",
      "balance": "0.00",
      "year_of_birth": null,
      "gender": null,
      "timestamp": "2023-01-28T07:09:01.322Z"
    }
  },
  {
    "model": "easy_tax_ussds.easytaxussd",
    "pk": 8,
    "fields": {
      "lga": null,
      "state": null,
      "full_name": null,
      "phone_number": "2349123816951",
      "tax_payer_identification": "",
      "balance": "0.00",
      "year_of_birth": null,
      "gender": null,
      "timestamp": "2023-01-28T07:43:04.408Z"
    }
  },
  {
    "model": "easy_tax_ussds.easytaxussd",
    "pk": 9,
    "fields": {
      "lga": null,
      "state": null,
      "full_name": null,
      "phone_number": "2349048525403",
      "tax_payer_identification": "",
      "balance": "0.00",
      "year_of_birth": null,
      "gender": null,
      "timestamp": "2023-01-28T13:24:15.946Z"
    }
  },
  {
    "model": "easy_tax_ussds.easytaxussd",
    "pk": 10,
    "fields": {
      "lga": null,
      "state": null,
      "full_name": null,
      "phone_number": "2348023686363",
      "tax_payer_identification": "",
      "balance": "0.00",
      "year_of_birth": null,
      "gender": null,
      "timestamp": "2023-01-31T18:36:53.399Z"
    }
  },
  {
    "model": "easy_tax_ussds.easytaxussd",
    "pk": 11,
    "fields": {
      "lga": null,
      "state": null,
      "full_name": null,
      "phone_number": "2347033274155",
      "tax_payer_identification": "",
      "balance": "0.00",
      "year_of_birth": null,
      "gender": null,
      "timestamp": "2023-02-02T08:55:37.044Z"
    }
  }
]