[{"model": "admin.logentry", "pk": 1, "fields": {"action_time": "2022-12-04T23:09:28.029Z", "user": "024e81b0-8cf5-49b8-bc19-af7a691d31a4", "content_type": 42, "object_id": "2", "object_repr": "EmailLog object (2)", "action_flag": 2, "change_message": "[]"}}, {"model": "admin.logentry", "pk": 2, "fields": {"action_time": "2022-12-04T23:10:43.288Z", "user": "024e81b0-8cf5-49b8-bc19-af7a691d31a4", "content_type": 42, "object_id": "2", "object_repr": "EmailLog object (2)", "action_flag": 2, "change_message": "[{\"changed\": {\"fields\": [\"Scheduled date\", \"Timestamp\"]}}]"}}, {"model": "admin.logentry", "pk": 3, "fields": {"action_time": "2022-12-04T23:13:34.624Z", "user": "024e81b0-8cf5-49b8-bc19-af7a691d31a4", "content_type": 39, "object_id": "433df7ad-5378-4e88-bf10-7b80b8ec54d8", "object_repr": "SendCustomEmailSchedulerLog object (433df7ad-5378-4e88-bf10-7b80b8ec54d8)", "action_flag": 2, "change_message": "[]"}}, {"model": "admin.logentry", "pk": 4, "fields": {"action_time": "2022-12-04T23:14:21.061Z", "user": "024e81b0-8cf5-49b8-bc19-af7a691d31a4", "content_type": 39, "object_id": "433df7ad-5378-4e88-bf10-7b80b8ec54d8", "object_repr": "SendCustomEmailSchedulerLog object (433df7ad-5378-4e88-bf10-7b80b8ec54d8)", "action_flag": 2, "change_message": "[]"}}, {"model": "admin.logentry", "pk": 5, "fields": {"action_time": "2022-12-04T23:24:43.860Z", "user": "024e81b0-8cf5-49b8-bc19-af7a691d31a4", "content_type": 42, "object_id": "6", "object_repr": "EmailLog object (6)", "action_flag": 2, "change_message": "[{\"changed\": {\"fields\": [\"Scheduled date\"]}}]"}}, {"model": "admin.logentry", "pk": 6, "fields": {"action_time": "2022-12-04T23:25:17.494Z", "user": "024e81b0-8cf5-49b8-bc19-af7a691d31a4", "content_type": 42, "object_id": "6", "object_repr": "EmailLog object (6)", "action_flag": 3, "change_message": ""}}, {"model": "admin.logentry", "pk": 7, "fields": {"action_time": "2022-12-04T23:25:18.155Z", "user": "024e81b0-8cf5-49b8-bc19-af7a691d31a4", "content_type": 42, "object_id": "5", "object_repr": "EmailLog object (5)", "action_flag": 3, "change_message": ""}}, {"model": "admin.logentry", "pk": 8, "fields": {"action_time": "2022-12-04T23:25:18.689Z", "user": "024e81b0-8cf5-49b8-bc19-af7a691d31a4", "content_type": 42, "object_id": "4", "object_repr": "EmailLog object (4)", "action_flag": 3, "change_message": ""}}, {"model": "admin.logentry", "pk": 9, "fields": {"action_time": "2022-12-04T23:25:19.066Z", "user": "024e81b0-8cf5-49b8-bc19-af7a691d31a4", "content_type": 42, "object_id": "3", "object_repr": "EmailLog object (3)", "action_flag": 3, "change_message": ""}}, {"model": "admin.logentry", "pk": 10, "fields": {"action_time": "2022-12-04T23:25:19.614Z", "user": "024e81b0-8cf5-49b8-bc19-af7a691d31a4", "content_type": 42, "object_id": "2", "object_repr": "EmailLog object (2)", "action_flag": 3, "change_message": ""}}, {"model": "admin.logentry", "pk": 11, "fields": {"action_time": "2022-12-04T23:25:20.007Z", "user": "024e81b0-8cf5-49b8-bc19-af7a691d31a4", "content_type": 42, "object_id": "1", "object_repr": "EmailLog object (1)", "action_flag": 3, "change_message": ""}}, {"model": "admin.logentry", "pk": 12, "fields": {"action_time": "2022-12-04T23:25:43.009Z", "user": "024e81b0-8cf5-49b8-bc19-af7a691d31a4", "content_type": 38, "object_id": "f7b234a3-6101-4869-ae0f-4599f9fa5459", "object_repr": "SendCustomEmailScheduler object (f7b234a3-6101-4869-ae0f-4599f9fa5459)", "action_flag": 3, "change_message": ""}}, {"model": "admin.logentry", "pk": 13, "fields": {"action_time": "2022-12-04T23:25:43.300Z", "user": "024e81b0-8cf5-49b8-bc19-af7a691d31a4", "content_type": 38, "object_id": "8b88f64d-06ed-4737-96be-b6b0c651bfc8", "object_repr": "SendCustomEmailScheduler object (8b88f64d-06ed-4737-96be-b6b0c651bfc8)", "action_flag": 3, "change_message": ""}}, {"model": "admin.logentry", "pk": 14, "fields": {"action_time": "2022-12-04T23:25:43.664Z", "user": "024e81b0-8cf5-49b8-bc19-af7a691d31a4", "content_type": 38, "object_id": "7888f9fe-97f1-4d0a-9c01-ff22cf2585d0", "object_repr": "SendCustomEmailScheduler object (7888f9fe-97f1-4d0a-9c01-ff22cf2585d0)", "action_flag": 3, "change_message": ""}}, {"model": "admin.logentry", "pk": 15, "fields": {"action_time": "2022-12-04T23:25:44.166Z", "user": "024e81b0-8cf5-49b8-bc19-af7a691d31a4", "content_type": 38, "object_id": "0ac84557-27bf-4c8b-b21c-1c5ceb3a2170", "object_repr": "SendCustomEmailScheduler object (0ac84557-27bf-4c8b-b21c-1c5ceb3a2170)", "action_flag": 3, "change_message": ""}}, {"model": "admin.logentry", "pk": 16, "fields": {"action_time": "2022-12-05T10:58:04.111Z", "user": "024e81b0-8cf5-49b8-bc19-af7a691d31a4", "content_type": 29, "object_id": "6095ae3a-ed7c-49be-9b42-719ad72d02d1", "object_repr": "ScheduleCall object (6095ae3a-ed7c-49be-9b42-719ad72d02d1)", "action_flag": 1, "change_message": "[{\"added\": {}}]"}}, {"model": "admin.logentry", "pk": 17, "fields": {"action_time": "2022-12-23T17:42:58.735Z", "user": "024e81b0-8cf5-49b8-bc19-af7a691d31a4", "content_type": 36, "object_id": "6bb0dc8e-1461-413c-b8d5-e1319a593459", "object_repr": "JobType object (6bb0dc8e-1461-413c-b8d5-e1319a593459)", "action_flag": 1, "change_message": "[{\"added\": {}}]"}}, {"model": "admin.logentry", "pk": 18, "fields": {"action_time": "2022-12-23T17:43:55.508Z", "user": "024e81b0-8cf5-49b8-bc19-af7a691d31a4", "content_type": 37, "object_id": "79021d04-3679-4e65-91b3-88ee52a56bbe", "object_repr": "Job object (79021d04-3679-4e65-91b3-88ee52a56bbe)", "action_flag": 1, "change_message": "[{\"added\": {}}]"}}, {"model": "sessions.session", "pk": "1rs72cjirlotgn2v63auqkzimaepxwmb", "fields": {"session_data": ".eJxVzDsOwjAQRdG9uCaWHX-Hkp41RDOeMQmgRMqnQuwdIqWA-t3zXqrDbe27bZG5G1idlWm9ZEumyaWGxgPlhoqFBmvCCJadRa9Ov4ywPGTcLd9xvE26TOM6D6T3RB_roq8Ty_NytH8HPS79V8eKxgBnSZbQgUlOvK0ALTkMQYKUwBRjkVIkJh8JIwp7zglSQpPV-wP-0kG3:1p2Af1:b8SWTWZmSXx6QlkpdnsTTstfbQziccC263-iPILaMuA", "expire_date": "2022-12-19T12:33:27.871Z"}}, {"model": "sessions.session", "pk": "2kwtehq6g1bjcfvyou88u69198q572wb", "fields": {"session_data": ".eJxVzDsOwjAQRdG9uCaWHX-Hkp41RDOeMQmgRMqnQuwdIqWA-t3zXqrDbe27bZG5G1idlWm9ZEumyaWGxgPlhoqFBmvCCJadRa9Ov4ywPGTcLd9xvE26TOM6D6T3RB_roq8Ty_NytH8HPS79V8eKxgBnSZbQgUlOvK0ALTkMQYKUwBRjkVIkJh8JIwp7zglSQpPV-wP-0kG3:1p1xsQ:MQNvL5hJHXxBBP4Xi5DUyfZGnsjanIabO5CI38y5F08", "expire_date": "2022-12-18T22:54:26.913Z"}}, {"model": "sessions.session", "pk": "2r27pyxi5z3fzjaiguqy5u4v29rs1yo6", "fields": {"session_data": ".eJxVzDsOwjAQRdG9uCaWHX-Hkp41RDOeMQmgRMqnQuwdIqWA-t3zXqrDbe27bZG5G1idlWm9ZEumyaWGxgPlhoqFBmvCCJadRa9Ov4ywPGTcLd9xvE26TOM6D6T3RB_roq8Ty_NytH8HPS79V8eKxgBnSZbQgUlOvK0ALTkMQYKUwBRjkVIkJh8JIwp7zglSQpPV-wP-0kG3:1p2ArB:2JEEypfPbw7zzV6BjHrD467y4akCXzKVR2B2fPhFX3U", "expire_date": "2022-12-19T12:46:01.068Z"}}, {"model": "sessions.session", "pk": "41i0blpj0wrq9vfsury04s9cpwilv3in", "fields": {"session_data": ".eJxVzDsOwjAQRdG9uCaWHX-Hkp41RDOeMQmgRMqnQuwdIqWA-t3zXqrDbe27bZG5G1idlWm9ZEumyaWGxgPlhoqFBmvCCJadRa9Ov4ywPGTcLd9xvE26TOM6D6T3RB_roq8Ty_NytH8HPS79V8eKxgBnSZbQgUlOvK0ALTkMQYKUwBRjkVIkJh8JIwp7zglSQpPV-wP-0kG3:1p2B6R:_H971BTa2BOmNjc35_embdbxKSuUGRrQlkB9micjtak", "expire_date": "2022-12-19T13:01:47.149Z"}}, {"model": "sessions.session", "pk": "4690cb45evzv8137l8d901i7umu9fw2g", "fields": {"session_data": ".eJxVzDsOwjAQRdG9uCaWHX-Hkp41RDOeMQmgRMqnQuwdIqWA-t3zXqrDbe27bZG5G1idlWm9ZEumyaWGxgPlhoqFBmvCCJadRa9Ov4ywPGTcLd9xvE26TOM6D6T3RB_roq8Ty_NytH8HPS79V8eKxgBnSZbQgUlOvK0ALTkMQYKUwBRjkVIkJh8JIwp7zglSQpPV-wP-0kG3:1p292m:5Jk-oUP0AkzpJYum2m15ZvNgIrh07qHOH46O9ZF_MG0", "expire_date": "2022-12-19T10:49:52.089Z"}}, {"model": "sessions.session", "pk": "59rxn88oho2fdz3qigsziqcu20o6kfcv", "fields": {"session_data": ".eJxVzDsOwjAQRdG9uCaWHX-Hkp41RDOeMQmgRMqnQuwdIqWA-t3zXqrDbe27bZG5G1idlWm9ZEumyaWGxgPlhoqFBmvCCJadRa9Ov4ywPGTcLd9xvE26TOM6D6T3RB_roq8Ty_NytH8HPS79V8eKxgBnSZbQgUlOvK0ALTkMQYKUwBRjkVIkJh8JIwp7zglSQpPV-wP-0kG3:1p29qj:DnCk2b7VpEuOfLmLjuxVvWEuJEI_IQDv6ZNNZ3kM5Ns", "expire_date": "2022-12-19T11:41:29.141Z"}}, {"model": "sessions.session", "pk": "8zc4za9sj9a5hvce70378hsdxyasx50i", "fields": {"session_data": ".eJxVzDsOwjAQRdG9uCaWHX-Hkp41RDOeMQmgRMqnQuwdIqWA-t3zXqrDbe27bZG5G1idlWm9ZEumyaWGxgPlhoqFBmvCCJadRa9Ov4ywPGTcLd9xvE26TOM6D6T3RB_roq8Ty_NytH8HPS79V8eKxgBnSZbQgUlOvK0ALTkMQYKUwBRjkVIkJh8JIwp7zglSQpPV-wP-0kG3:1pU6GH:85kD0iceVfCji3k7lpzKBJDFpTPCz5UjlUeumoqltCY", "expire_date": "2023-03-06T13:31:21.869Z"}}, {"model": "sessions.session", "pk": "900oa4cvkmlbeyj75aagrnxtvbfredto", "fields": {"session_data": ".eJxVzDsOwjAQRdG9uCaWHX-Hkp41RDOeMQmgRMqnQuwdIqWA-t3zXqrDbe27bZG5G1idlWm9ZEumyaWGxgPlhoqFBmvCCJadRa9Ov4ywPGTcLd9xvE26TOM6D6T3RB_roq8Ty_NytH8HPS79V8eKxgBnSZbQgUlOvK0ALTkMQYKUwBRjkVIkJh8JIwp7zglSQpPV-wP-0kG3:1pUr43:fAV_z-rmBVw0qASNvNu5C0ekOx3r-kRnWCSN783txTk", "expire_date": "2023-03-08T15:29:51.917Z"}}, {"model": "sessions.session", "pk": "c0f4qxbo5z78dkl94wre1irq5a7w3y8n", "fields": {"session_data": ".eJxVzDsOwjAQRdG9uCaWHX-Hkp41RDOeMQmgRMqnQuwdIqWA-t3zXqrDbe27bZG5G1idlWm9ZEumyaWGxgPlhoqFBmvCCJadRa9Ov4ywPGTcLd9xvE26TOM6D6T3RB_roq8Ty_NytH8HPS79V8eKxgBnSZbQgUlOvK0ALTkMQYKUwBRjkVIkJh8JIwp7zglSQpPV-wP-0kG3:1p2B5e:WSJUdJepzndIkLi1-uvdkTAVijhM7HMyrI1jD8ucwqE", "expire_date": "2022-12-19T13:00:58.550Z"}}, {"model": "sessions.session", "pk": "em6ziidoh1iee9dj9jwdd4ezx9zdox9u", "fields": {"session_data": ".eJxVzDsOwjAQRdG9uCaWHX-Hkp41RDOeMQmgRMqnQuwdIqWA-t3zXqrDbe27bZG5G1idlWm9ZEumyaWGxgPlhoqFBmvCCJadRa9Ov4ywPGTcLd9xvE26TOM6D6T3RB_roq8Ty_NytH8HPS79V8eKxgBnSZbQgUlOvK0ALTkMQYKUwBRjkVIkJh8JIwp7zglSQpPV-wP-0kG3:1p2BAR:t7vwVHn25hD9O9A8SxHY6DQmRPHMICLJ8cP8Tyn26uA", "expire_date": "2022-12-19T13:05:55.033Z"}}, {"model": "sessions.session", "pk": "ewuzqfcod4a1djb3sxsvk39gmbbqendl", "fields": {"session_data": ".eJxVzDsOwjAQRdG9uCaWHX-Hkp41RDOeMQmgRMqnQuwdIqWA-t3zXqrDbe27bZG5G1idlWm9ZEumyaWGxgPlhoqFBmvCCJadRa9Ov4ywPGTcLd9xvE26TOM6D6T3RB_roq8Ty_NytH8HPS79V8eKxgBnSZbQgUlOvK0ALTkMQYKUwBRjkVIkJh8JIwp7zglSQpPV-wP-0kG3:1p29tT:u5oSWp2fyxlX_lSEfxMwjuEFmtwTrAi7oho1eT71cuI", "expire_date": "2022-12-19T11:44:19.396Z"}}, {"model": "sessions.session", "pk": "fhh0ngfxcy0c9pkmgtvp00gw31h2xkr9", "fields": {"session_data": ".eJxVzDsOwjAQRdG9uCaWHX-Hkp41RDOeMQmgRMqnQuwdIqWA-t3zXqrDbe27bZG5G1idlWm9ZEumyaWGxgPlhoqFBmvCCJadRa9Ov4ywPGTcLd9xvE26TOM6D6T3RB_roq8Ty_NytH8HPS79V8eKxgBnSZbQgUlOvK0ALTkMQYKUwBRjkVIkJh8JIwp7zglSQpPV-wP-0kG3:1p29hl:gw9jpyty_V1PgNz1LChDbiH0JgIyzO7F25bvdA4Vbyk", "expire_date": "2022-12-19T11:32:13.285Z"}}, {"model": "sessions.session", "pk": "fsgzglftas725bitjzlc3628f9lzsicu", "fields": {"session_data": ".eJxVzDsOwjAQRdG9uCaWHX-Hkp41RDOeMQmgRMqnQuwdIqWA-t3zXqrDbe27bZG5G1idlWm9ZEumyaWGxgPlhoqFBmvCCJadRa9Ov4ywPGTcLd9xvE26TOM6D6T3RB_roq8Ty_NytH8HPS79V8eKxgBnSZbQgUlOvK0ALTkMQYKUwBRjkVIkJh8JIwp7zglSQpPV-wP-0kG3:1pPjPx:TBWDnTe8xjAMjwZGlYQa993mFkKpjWtBldSNROc2Oig", "expire_date": "2023-02-22T12:19:17.173Z"}}, {"model": "sessions.session", "pk": "hy1wde5stuejriqrgmt110fn55i7c00z", "fields": {"session_data": ".eJxVzDsOwjAQRdG9uCaWHX-Hkp41RDOeMQmgRMqnQuwdIqWA-t3zXqrDbe27bZG5G1idlWm9ZEumyaWGxgPlhoqFBmvCCJadRa9Ov4ywPGTcLd9xvE26TOM6D6T3RB_roq8Ty_NytH8HPS79V8eKxgBnSZbQgUlOvK0ALTkMQYKUwBRjkVIkJh8JIwp7zglSQpPV-wP-0kG3:1p8lzQ:JH64D5uStubbVgAbelM3wjq1-RLyB5cTBA8Itj_HOuQ", "expire_date": "2023-01-06T17:37:48.323Z"}}, {"model": "sessions.session", "pk": "ir2bv6xqh46vpwyhuyy0jrpb6xrsrtm4", "fields": {"session_data": ".eJxVzDsOwjAQRdG9uCaWHX-Hkp41RDOeMQmgRMqnQuwdIqWA-t3zXqrDbe27bZG5G1idlWm9ZEumyaWGxgPlhoqFBmvCCJadRa9Ov4ywPGTcLd9xvE26TOM6D6T3RB_roq8Ty_NytH8HPS79V8eKxgBnSZbQgUlOvK0ALTkMQYKUwBRjkVIkJh8JIwp7zglSQpPV-wP-0kG3:1p2Ad2:UszUiI_SJ8euvOSRHTGRBt2DSOkhQrlsaL8owj-vBj0", "expire_date": "2022-12-19T12:31:24.155Z"}}, {"model": "sessions.session", "pk": "iv0lepuzh3srm23wwl4artx01h5uhdrc", "fields": {"session_data": ".eJxVzDsOwjAQRdG9uCaWHX-Hkp41RDOeMQmgRMqnQuwdIqWA-t3zXqrDbe27bZG5G1idlWm9ZEumyaWGxgPlhoqFBmvCCJadRa9Ov4ywPGTcLd9xvE26TOM6D6T3RB_roq8Ty_NytH8HPS79V8eKxgBnSZbQgUlOvK0ALTkMQYKUwBRjkVIkJh8JIwp7zglSQpPV-wP-0kG3:1pEpgC:s6T3yxfDkspR2OgBQpWOZ5AQZAZntJ4sHkbcEwBE4GI", "expire_date": "2023-01-23T10:47:00.378Z"}}, {"model": "sessions.session", "pk": "k8ap43xperwfh4umyzos5ffdtmqmoyve", "fields": {"session_data": ".eJxVzDsOwjAQRdG9uCaWHX-Hkp41RDOeMQmgRMqnQuwdIqWA-t3zXqrDbe27bZG5G1idlWm9ZEumyaWGxgPlhoqFBmvCCJadRa9Ov4ywPGTcLd9xvE26TOM6D6T3RB_roq8Ty_NytH8HPS79V8eKxgBnSZbQgUlOvK0ALTkMQYKUwBRjkVIkJh8JIwp7zglSQpPV-wP-0kG3:1p28aJ:I9RRCyctSX9zsI6qbvo6Lg9e4UltGYPy5oW9bstefhs", "expire_date": "2022-12-19T10:20:27.763Z"}}, {"model": "sessions.session", "pk": "l1rwj99h2o7pbtwy21j7pp2onbppwnxn", "fields": {"session_data": ".eJxVzDsOwjAQRdG9uCaWHX-Hkp41RDOeMQmgRMqnQuwdIqWA-t3zXqrDbe27bZG5G1idlWm9ZEumyaWGxgPlhoqFBmvCCJadRa9Ov4ywPGTcLd9xvE26TOM6D6T3RB_roq8Ty_NytH8HPS79V8eKxgBnSZbQgUlOvK0ALTkMQYKUwBRjkVIkJh8JIwp7zglSQpPV-wP-0kG3:1p29gw:q-LSw7H7YUL4NNnS4D4eu-wQvYxaozKyCLspu2hrjR8", "expire_date": "2022-12-19T11:31:22.218Z"}}, {"model": "sessions.session", "pk": "m11rpdkep6hef24dimkce78zrnqajtjf", "fields": {"session_data": ".eJxVzDsOwjAQRdG9uCaWHX-Hkp41RDOeMQmgRMqnQuwdIqWA-t3zXqrDbe27bZG5G1idlWm9ZEumyaWGxgPlhoqFBmvCCJadRa9Ov4ywPGTcLd9xvE26TOM6D6T3RB_roq8Ty_NytH8HPS79V8eKxgBnSZbQgUlOvK0ALTkMQYKUwBRjkVIkJh8JIwp7zglSQpPV-wP-0kG3:1p2AqV:XtEixS2QndfUJIsduuvmtKfFbnRRDSlQZEdv6X-v9Vc", "expire_date": "2022-12-19T12:45:19.699Z"}}, {"model": "sessions.session", "pk": "mte5njxju3ieft6m38hfd76sjbgzk0nf", "fields": {"session_data": ".eJxVzDsOwjAQRdG9uCaWHX-Hkp41RDOeMQmgRMqnQuwdIqWA-t3zXqrDbe27bZG5G1idlWm9ZEumyaWGxgPlhoqFBmvCCJadRa9Ov4ywPGTcLd9xvE26TOM6D6T3RB_roq8Ty_NytH8HPS79V8eKxgBnSZbQgUlOvK0ALTkMQYKUwBRjkVIkJh8JIwp7zglSQpPV-wP-0kG3:1p28Ol:0BGAWIyLwE-jyEGsPx6yzreAyYKg-QzJG7zgqeieTRQ", "expire_date": "2022-12-19T10:08:31.699Z"}}, {"model": "sessions.session", "pk": "oa43vsr0yrgjt223zeu5wik9z9y77djv", "fields": {"session_data": ".eJxVzDsOwjAQRdG9uCaWHX-Hkp41RDOeMQmgRMqnQuwdIqWA-t3zXqrDbe27bZG5G1idlWm9ZEumyaWGxgPlhoqFBmvCCJadRa9Ov4ywPGTcLd9xvE26TOM6D6T3RB_roq8Ty_NytH8HPS79V8eKxgBnSZbQgUlOvK0ALTkMQYKUwBRjkVIkJh8JIwp7zglSQpPV-wP-0kG3:1pHbst:hagKmBo5bodWKYh2eNhlCfPqEBHu33eswd4Ukis5TBM", "expire_date": "2023-01-31T02:39:35.121Z"}}, {"model": "sessions.session", "pk": "oh4ek1cf0j6414iy8xm24k7ojfjoih8z", "fields": {"session_data": ".eJxVzDsOwjAQRdG9uCaWHX-Hkp41RDOeMQmgRMqnQuwdIqWA-t3zXqrDbe27bZG5G1idlWm9ZEumyaWGxgPlhoqFBmvCCJadRa9Ov4ywPGTcLd9xvE26TOM6D6T3RB_roq8Ty_NytH8HPS79V8eKxgBnSZbQgUlOvK0ALTkMQYKUwBRjkVIkJh8JIwp7zglSQpPV-wP-0kG3:1p1xx4:BjbL1wfCyXLOlChJMMOuPIByQhv3evRV9elbinGYVe4", "expire_date": "2022-12-18T22:59:14.858Z"}}, {"model": "sessions.session", "pk": "qnzpstiqgax1zsw5d2l74k8u5bqkducy", "fields": {"session_data": ".eJxVzDsOwjAQRdG9uCaWHX-Hkp41RDOeMQmgRMqnQuwdIqWA-t3zXqrDbe27bZG5G1idlWm9ZEumyaWGxgPlhoqFBmvCCJadRa9Ov4ywPGTcLd9xvE26TOM6D6T3RB_roq8Ty_NytH8HPS79V8eKxgBnSZbQgUlOvK0ALTkMQYKUwBRjkVIkJh8JIwp7zglSQpPV-wP-0kG3:1p29sy:7NtzrTcDWV-pnaMYFV-QL53tFXva-SSRdR2q7DxT2j0", "expire_date": "2022-12-19T11:43:48.376Z"}}, {"model": "sessions.session", "pk": "rpga17r98iapeshf9q21nweg8imxngdk", "fields": {"session_data": ".eJxVzDsOwjAQRdG9uCaWHX-Hkp41RDOeMQmgRMqnQuwdIqWA-t3zXqrDbe27bZG5G1idlWm9ZEumyaWGxgPlhoqFBmvCCJadRa9Ov4ywPGTcLd9xvE26TOM6D6T3RB_roq8Ty_NytH8HPS79V8eKxgBnSZbQgUlOvK0ALTkMQYKUwBRjkVIkJh8JIwp7zglSQpPV-wP-0kG3:1p2BDD:r9J438TXksDpiV-oDJI3RP9Imop2-f2D0sZTi8rukPo", "expire_date": "2022-12-19T13:08:47.283Z"}}, {"model": "sessions.session", "pk": "tbq2brcym2yerzk2vhvfcgzpks6yamz4", "fields": {"session_data": ".eJxVzDsOwjAQRdG9uCaWHX-Hkp41RDOeMQmgRMqnQuwdIqWA-t3zXqrDbe27bZG5G1idlWm9ZEumyaWGxgPlhoqFBmvCCJadRa9Ov4ywPGTcLd9xvE26TOM6D6T3RB_roq8Ty_NytH8HPS79V8eKxgBnSZbQgUlOvK0ALTkMQYKUwBRjkVIkJh8JIwp7zglSQpPV-wP-0kG3:1p2BAC:tSbb4xndR5h8BDAtODMkAWK-cTBpgeRsBCEBNHhtgr8", "expire_date": "2022-12-19T13:05:40.140Z"}}, {"model": "sessions.session", "pk": "vzowql594cmp1uqgqgv9uaeallmw4hus", "fields": {"session_data": ".eJxVzDsOwjAQRdG9uCaWHX-Hkp41RDOeMQmgRMqnQuwdIqWA-t3zXqrDbe27bZG5G1idlWm9ZEumyaWGxgPlhoqFBmvCCJadRa9Ov4ywPGTcLd9xvE26TOM6D6T3RB_roq8Ty_NytH8HPS79V8eKxgBnSZbQgUlOvK0ALTkMQYKUwBRjkVIkJh8JIwp7zglSQpPV-wP-0kG3:1pLhbC:vgtHF76ePz7NKDCEcwb2AFo7tWq2HqXgDq_rAP9HsoY", "expire_date": "2023-02-11T09:34:14.183Z"}}, {"model": "sessions.session", "pk": "x5yhn0ftropl5daw4bblp44kgdd6samz", "fields": {"session_data": ".eJxVzDsOwjAQRdG9uCaWHX-Hkp41RDOeMQmgRMqnQuwdIqWA-t3zXqrDbe27bZG5G1idlWm9ZEumyaWGxgPlhoqFBmvCCJadRa9Ov4ywPGTcLd9xvE26TOM6D6T3RB_roq8Ty_NytH8HPS79V8eKxgBnSZbQgUlOvK0ALTkMQYKUwBRjkVIkJh8JIwp7zglSQpPV-wP-0kG3:1pPiRX:laW9mfiBdbUDgeBozuVYhtWfgjwHYQFBdoCWjIYxJJM", "expire_date": "2023-02-22T11:16:51.685Z"}}, {"model": "sessions.session", "pk": "y2qjleyt7apwnndro8zq644nu4onoorz", "fields": {"session_data": ".eJxVzDsOwjAQRdG9uCaWHX-Hkp41RDOeMQmgRMqnQuwdIqWA-t3zXqrDbe27bZG5G1idlWm9ZEumyaWGxgPlhoqFBmvCCJadRa9Ov4ywPGTcLd9xvE26TOM6D6T3RB_roq8Ty_NytH8HPS79V8eKxgBnSZbQgUlOvK0ALTkMQYKUwBRjkVIkJh8JIwp7zglSQpPV-wP-0kG3:1p2BC5:s8KmmjCdjoFfpVSGvsfyPwOoUPApEWCzZLSWyiBWmvw", "expire_date": "2022-12-19T13:07:37.602Z"}}, {"model": "django_celery_beat.intervalschedule", "pk": 1, "fields": {"every": 600, "period": "seconds"}}, {"model": "django_celery_beat.crontabschedule", "pk": 1, "fields": {"minute": "0", "hour": "4", "day_of_week": "*", "day_of_month": "*", "month_of_year": "*", "timezone": "UTC"}}, {"model": "django_celery_beat.periodictasks", "pk": 1, "fields": {"last_update": "2022-12-04T23:45:58.520Z"}}, {"model": "django_celery_beat.periodictask", "pk": 1, "fields": {"name": "celery.backend_cleanup", "task": "celery.backend_cleanup", "interval": null, "crontab": 1, "solar": null, "clocked": null, "args": "[]", "kwargs": "{}", "queue": null, "exchange": null, "routing_key": null, "headers": "{}", "priority": null, "expires": null, "expire_seconds": 43200, "one_off": false, "start_time": null, "enabled": true, "last_run_at": null, "total_run_count": 0, "date_changed": "2022-12-04T23:45:58.664Z", "description": ""}}, {"model": "django_celery_beat.periodictask", "pk": 2, "fields": {"name": "send-queued-mail", "task": "post_office.tasks.send_queued_mail", "interval": 1, "crontab": null, "solar": null, "clocked": null, "args": "[]", "kwargs": "{}", "queue": null, "exchange": null, "routing_key": null, "headers": "{}", "priority": null, "expires": null, "expire_seconds": null, "one_off": false, "start_time": null, "enabled": true, "last_run_at": "2022-12-05T00:01:35.856Z", "total_run_count": 7, "date_changed": "2022-12-05T00:04:17.501Z", "description": ""}}, {"model": "users.user", "pk": "017a1fe3-5398-4ff6-ba9d-1c55081d0c8b", "fields": {"password": "pbkdf2_sha256$320000$tx5Og7uBAdIWxTaPC9ZxSn$IYyHhN3oNJlIQrwMTSEHo3zJ7tr7m+KfleASwvuzjug=", "last_login": "2022-12-23T20:26:01.688Z", "is_superuser": false, "first_name": "Favour", "last_name": "Afenikhena", "email": "favourdeveloper@gmail.com2", "mobile": null, "is_active": true, "is_staff": false, "verified": false, "date_joined": "2022-12-23", "timestamp": "2022-12-23T20:25:59.605Z", "groups": [], "user_permissions": []}}, {"model": "users.user", "pk": "024e81b0-8cf5-49b8-bc19-af7a691d31a4", "fields": {"password": "pbkdf2_sha256$320000$fnHgyxZl3bn94waPcxAoVA$yo32eHzbhGYtkVobKefX3+V98Ot/0RhEhj78FRTmN38=", "last_login": "2023-02-22T15:29:51.698Z", "is_superuser": true, "first_name": "Favour", "last_name": "Afenikhena", "email": "dev.codertjay@gmail.com", "mobile": null, "is_active": true, "is_staff": true, "verified": true, "date_joined": "2022-12-02", "timestamp": "2022-12-02T13:40:19.513Z", "groups": [], "user_permissions": []}}, {"model": "users.user", "pk": "3a52a84a-64f9-4d9b-a45f-e7fe2f4adb27", "fields": {"password": "pbkdf2_sha256$320000$jbgI0m1mCW1OzexowyMDXw$kUJOgPRymiG/6sl5ZZCuzHmQMwGLNifhrKpqliAQdww=", "last_login": "2023-01-05T13:49:52.587Z", "is_superuser": false, "first_name": "Favour", "last_name": "Afenikhena", "email": "marketer1@gmail.commMmm", "mobile": null, "is_active": true, "is_staff": false, "verified": false, "date_joined": "2023-01-05", "timestamp": "2023-01-05T13:49:51.583Z", "groups": [], "user_permissions": []}}, {"model": "users.user", "pk": "3b07cea8-85cf-459b-8cf8-f61f73b330c4", "fields": {"password": "pbkdf2_sha256$320000$wLhJx0ffl3I4VHI9JvZOE5$o9isf+DtVh4tWsyO8zbIUZXx5M39gtGtzLcPkeWCO1g=", "last_login": "2023-01-05T13:40:51.555Z", "is_superuser": false, "first_name": "Favour", "last_name": "Afenikhena", "email": "marketer1@gmail.comm", "mobile": null, "is_active": true, "is_staff": false, "verified": false, "date_joined": "2023-01-05", "timestamp": "2023-01-05T13:40:50.037Z", "groups": [], "user_permissions": []}}, {"model": "users.user", "pk": "87f255fc-7513-4157-b66e-5eb346d8bcce", "fields": {"password": "pbkdf2_sha256$320000$krJk2UJlY2kTe1dwf6vPlA$YwFX/WgY+PL94WnNN0R9gJe+HLtX4Xzm/9Pz04EEWuI=", "last_login": null, "is_superuser": false, "first_name": "Favour", "last_name": "Afenikhena", "email": "favourdeveloper@gmail.com1", "mobile": null, "is_active": true, "is_staff": false, "verified": false, "date_joined": "2022-12-23", "timestamp": "2022-12-23T20:21:33.200Z", "groups": [], "user_permissions": []}}, {"model": "users.user", "pk": "a9a3ae25-1126-4001-91d3-696d2a1e7454", "fields": {"password": "pbkdf2_sha256$320000$ZJYPdGgAYtPPL8xSMa68NV$mHEhq3ewLDG6aHkjleFW1fwm5FDL4/UFyjIy6Za2ab4=", "last_login": "2023-01-05T13:47:19.315Z", "is_superuser": false, "first_name": "Favour", "last_name": "Afenikhena", "email": "marketer1@gmail.commM", "mobile": null, "is_active": true, "is_staff": false, "verified": false, "date_joined": "2023-01-05", "timestamp": "2023-01-05T13:47:18.295Z", "groups": [], "user_permissions": []}}, {"model": "users.user", "pk": "c91f8a4c-bfb3-49d6-9aa7-30f106d2cd61", "fields": {"password": "pbkdf2_sha256$320000$ZYz6TEyhfLDA0CnYNNxrOZ$jHnqyFy/cYfAc/Dm2PGtW+HOOiHM0SqIv3KxONGyk2I=", "last_login": "2022-12-23T20:33:56.179Z", "is_superuser": false, "first_name": "Favour", "last_name": "Afenikhena", "email": "favourdeveloper@gmail.com4", "mobile": null, "is_active": true, "is_staff": false, "verified": false, "date_joined": "2022-12-23", "timestamp": "2022-12-23T20:33:54.336Z", "groups": [], "user_permissions": []}}, {"model": "users.user", "pk": "d18fdd3f-94e7-4e20-b660-4f500393cb9c", "fields": {"password": "pbkdf2_sha256$320000$jKNuCYrb7leGjUbA5g75Ha$E8uRKup/wChXq2c2PmwuTsqbE4EuW43zwEUD+kFj4jI=", "last_login": "2023-01-05T13:39:03.337Z", "is_superuser": false, "first_name": "Favour", "last_name": "Afenikhena", "email": "marketer1@gmail.com", "mobile": null, "is_active": true, "is_staff": false, "verified": false, "date_joined": "2023-01-05", "timestamp": "2023-01-05T13:39:02.096Z", "groups": [], "user_permissions": []}}, {"model": "users.user", "pk": "d1a9cc51-6e94-4b1c-9204-f610fd35805b", "fields": {"password": "pbkdf2_sha256$320000$EHdxSnRd5S8yUSzE817bf1$EAbaOdhi+KMSbLFNBjUVpzSFiNfenmJhCVzYWqCxej4=", "last_login": "2022-12-23T20:38:53.101Z", "is_superuser": false, "first_name": "Favour", "last_name": "Afenikhena", "email": "favourdeveloper@gmail.com6", "mobile": null, "is_active": true, "is_staff": false, "verified": false, "date_joined": "2022-12-23", "timestamp": "2022-12-23T20:38:51.778Z", "groups": [], "user_permissions": []}}, {"model": "users.user", "pk": "ea064af5-f8a3-41e0-a939-df732d85c30c", "fields": {"password": "pbkdf2_sha256$320000$1UPNCK90PvUcvOppMEotBD$bgCci8p84mIejWvccYF/DykbOezMiBWXZLHodp7liCw=", "last_login": "2022-12-23T20:14:57.058Z", "is_superuser": false, "first_name": "Favour", "last_name": "Afenikhena", "email": "favourdeveloper@gmail.com", "mobile": null, "is_active": true, "is_staff": false, "verified": false, "date_joined": "2022-12-23", "timestamp": "2022-12-23T20:14:55.701Z", "groups": [], "user_permissions": []}}, {"model": "users.userprofile", "pk": "4a3f237c-1c2c-4607-ac75-cfb30485d008", "fields": {"user": "c91f8a4c-bfb3-49d6-9aa7-30f106d2cd61", "gender": null, "date_of_birth": null, "profile_image": "", "address": null, "description": null, "nationality": null, "country": null, "city": null, "timestamp": "2022-12-23T20:33:54.611Z"}}, {"model": "users.userprofile", "pk": "59cf1824-67e5-4b43-8b35-9612ad641037", "fields": {"user": "d1a9cc51-6e94-4b1c-9204-f610fd35805b", "gender": null, "date_of_birth": null, "profile_image": "", "address": null, "description": null, "nationality": null, "country": null, "city": null, "timestamp": "2022-12-23T20:38:52.008Z"}}, {"model": "users.userprofile", "pk": "6b39dcc7-3a1d-4aa4-bd2d-a60eca0f4b58", "fields": {"user": "ea064af5-f8a3-41e0-a939-df732d85c30c", "gender": null, "date_of_birth": null, "profile_image": "", "address": null, "description": null, "nationality": null, "country": null, "city": null, "timestamp": "2022-12-23T20:14:56.156Z"}}, {"model": "users.userprofile", "pk": "6d01a719-a5ca-4ec9-892b-e8697cfb61b6", "fields": {"user": "d18fdd3f-94e7-4e20-b660-4f500393cb9c", "gender": null, "date_of_birth": null, "profile_image": "", "address": null, "description": null, "nationality": null, "country": null, "city": null, "timestamp": "2023-01-05T13:39:02.293Z"}}, {"model": "users.userprofile", "pk": "7aec558a-661f-4e49-b0c9-329074ffa39f", "fields": {"user": "a9a3ae25-1126-4001-91d3-696d2a1e7454", "gender": null, "date_of_birth": null, "profile_image": "", "address": null, "description": null, "nationality": null, "country": null, "city": null, "timestamp": "2023-01-05T13:47:18.467Z"}}, {"model": "users.userprofile", "pk": "94c9e27d-7ac7-4f2a-9782-ef4ea4c7e0d8", "fields": {"user": "87f255fc-7513-4157-b66e-5eb346d8bcce", "gender": null, "date_of_birth": null, "profile_image": "", "address": null, "description": null, "nationality": null, "country": null, "city": null, "timestamp": "2022-12-23T20:21:33.394Z"}}, {"model": "users.userprofile", "pk": "9f4dab02-6431-4fe0-b8b8-5857055d8963", "fields": {"user": "3b07cea8-85cf-459b-8cf8-f61f73b330c4", "gender": null, "date_of_birth": null, "profile_image": "", "address": null, "description": null, "nationality": null, "country": null, "city": null, "timestamp": "2023-01-05T13:40:50.291Z"}}, {"model": "users.userprofile", "pk": "aad15479-6d0c-4708-b437-97d456e4221c", "fields": {"user": "3a52a84a-64f9-4d9b-a45f-e7fe2f4adb27", "gender": null, "date_of_birth": null, "profile_image": "", "address": null, "description": null, "nationality": null, "country": null, "city": null, "timestamp": "2023-01-05T13:49:51.750Z"}}, {"model": "users.userprofile", "pk": "dcc6d21c-de7b-4360-a84e-4eb21aecf0dc", "fields": {"user": "024e81b0-8cf5-49b8-bc19-af7a691d31a4", "gender": null, "date_of_birth": null, "profile_image": "", "address": null, "description": null, "nationality": null, "country": null, "city": null, "timestamp": "2022-12-02T13:40:19.702Z"}}, {"model": "users.userprofile", "pk": "f7adcdc9-e0ec-4fac-90b9-6a5ea486dbc9", "fields": {"user": "017a1fe3-5398-4ff6-ba9d-1c55081d0c8b", "gender": null, "date_of_birth": null, "profile_image": "", "address": null, "description": null, "nationality": null, "country": null, "city": null, "timestamp": "2022-12-23T20:25:59.913Z"}}, {"model": "companies.industry", "pk": "ac593df4-13d2-4e4a-8462-e682b50df0c9", "fields": {"name": "Technology", "timestamp": "2022-12-23T19:51:15.729Z"}}, {"model": "companies.company", "pk": "0db5f033-f71b-408f-8d27-0ed8c8a53995", "fields": {"owner": "024e81b0-8cf5-49b8-bc19-af7a691d31a4", "name": "Instinct Hub", "username": null, "website": "https://www.instincthub.com", "phone": "2344444444", "info_email": null, "customer_support_email": null, "industry": "ac593df4-13d2-4e4a-8462-e682b50df0c9", "overview": "This is a tech school .with over .......................", "company_size": "201-500", "headquarter": "Lagos . Ikoye", "founded": "2015-12-12", "email_sent_count": 0, "premium_access": true, "timestamp": "2022-12-23T19:51:40.354Z", "locations": []}}, {"model": "companies.company", "pk": "6cccfd58-81bd-4e4e-a4b4-77055751e22d", "fields": {"owner": "024e81b0-8cf5-49b8-bc19-af7a691d31a4", "name": "Instinct Hub", "username": "aboki_company", "website": "https://www.instincthub.com", "phone": "2344444444", "info_email": null, "customer_support_email": null, "industry": "ac593df4-13d2-4e4a-8462-e682b50df0c9", "overview": "This is a tech school .with over .......................", "company_size": "201-500", "headquarter": "Lagos . Ikoye", "founded": "2015-12-12", "email_sent_count": 0, "premium_access": true, "timestamp": "2022-12-23T19:54:56.592Z", "locations": []}}, {"model": "companies.company", "pk": "8e5c31c8-b0ad-4cf1-9a28-fc8a980bf5f6", "fields": {"owner": "024e81b0-8cf5-49b8-bc19-af7a691d31a4", "name": "New Company", "username": null, "website": null, "phone": "", "info_email": "dev.info@gmail.com", "customer_support_email": "dev.suport@gmail.com", "industry": null, "overview": null, "company_size": null, "headquarter": null, "founded": null, "email_sent_count": 0, "premium_access": true, "timestamp": "2022-12-02T13:40:19.918Z", "locations": []}}, {"model": "companies.company", "pk": "917766a0-f77f-4a46-a066-c6b24f749390", "fields": {"owner": "ea064af5-f8a3-41e0-a939-df732d85c30c", "name": "New Company", "username": "boss_company", "website": null, "phone": "", "info_email": null, "customer_support_email": null, "industry": null, "overview": null, "company_size": null, "headquarter": null, "founded": null, "email_sent_count": 0, "premium_access": true, "timestamp": "2022-12-23T20:14:56.364Z", "locations": []}}, {"model": "companies.companyemployee", "pk": "293dd592-5605-4dc0-bdde-42b94193095d", "fields": {"user": "a9a3ae25-1126-4001-91d3-696d2a1e7454", "company": "6cccfd58-81bd-4e4e-a4b4-77055751e22d", "role": null, "invited": false, "status": "ACTIVE", "timestamp": "2023-01-05T13:47:18.922Z", "lead_actions_count": 0, "schedule_actions_count": 0}}, {"model": "companies.companyemployee", "pk": "6d92fe65-0b73-45bd-adfc-caf7760f04b6", "fields": {"user": "c91f8a4c-bfb3-49d6-9aa7-30f106d2cd61", "company": "917766a0-f77f-4a46-a066-c6b24f749390", "role": null, "invited": false, "status": "ACTIVE", "timestamp": "2022-12-23T20:33:55.223Z", "lead_actions_count": 0, "schedule_actions_count": 0}}, {"model": "companies.companyemployee", "pk": "85b132ef-af52-49d0-a02a-205d86d28b74", "fields": {"user": "3a52a84a-64f9-4d9b-a45f-e7fe2f4adb27", "company": "6cccfd58-81bd-4e4e-a4b4-77055751e22d", "role": null, "invited": false, "status": "ACTIVE", "timestamp": "2023-01-05T13:49:52.201Z", "lead_actions_count": 0, "schedule_actions_count": 0}}, {"model": "companies.companyemployee", "pk": "b3ed46a9-f738-437d-b756-b4737ff13b1f", "fields": {"user": "024e81b0-8cf5-49b8-bc19-af7a691d31a4", "company": "8e5c31c8-b0ad-4cf1-9a28-fc8a980bf5f6", "role": "MARKETER", "invited": true, "status": "ACTIVE", "timestamp": "2023-01-05T15:03:37.280Z", "lead_actions_count": 2, "schedule_actions_count": 0}}, {"model": "companies.companyemployee", "pk": "b7900c80-a8a8-489c-88f7-166523a42898", "fields": {"user": "3b07cea8-85cf-459b-8cf8-f61f73b330c4", "company": "917766a0-f77f-4a46-a066-c6b24f749390", "role": null, "invited": false, "status": "ACTIVE", "timestamp": "2023-01-05T13:40:50.851Z", "lead_actions_count": 0, "schedule_actions_count": 0}}, {"model": "companies.companyemployee", "pk": "b86bb674-6a94-4ab1-8f31-456bf504c831", "fields": {"user": "d1a9cc51-6e94-4b1c-9204-f610fd35805b", "company": "917766a0-f77f-4a46-a066-c6b24f749390", "role": null, "invited": false, "status": "ACTIVE", "timestamp": "2022-12-23T20:38:52.486Z", "lead_actions_count": 0, "schedule_actions_count": 0}}, {"model": "companies.companyemployee", "pk": "e6ad860f-2dab-4cb4-983b-1ef28a0717d5", "fields": {"user": "d18fdd3f-94e7-4e20-b660-4f500393cb9c", "company": "917766a0-f77f-4a46-a066-c6b24f749390", "role": null, "invited": false, "status": "ACTIVE", "timestamp": "2023-01-05T13:39:02.719Z", "lead_actions_count": 0, "schedule_actions_count": 0}}, {"model": "companies.companyinvite", "pk": 1, "fields": {"company": "8e5c31c8-b0ad-4cf1-9a28-fc8a980bf5f6", "staff": "024e81b0-8cf5-49b8-bc19-af7a691d31a4", "first_name": "Favour", "last_name": null, "invite_id": "9680569", "email": "favourtjay@gmail.com", "role": "MARKETER", "status": "PENDING", "invited": true, "timestamp": "2022-12-23T19:58:19.611Z"}}, {"model": "companies.companyinvite", "pk": 2, "fields": {"company": "8e5c31c8-b0ad-4cf1-9a28-fc8a980bf5f6", "staff": "024e81b0-8cf5-49b8-bc19-af7a691d31a4", "first_name": "Favour", "last_name": null, "invite_id": "1995932", "email": "codertjay@gmail.com", "role": "MARKETER", "status": "PENDING", "invited": true, "timestamp": "2022-12-23T20:03:06.789Z"}}, {"model": "companies.companyinvite", "pk": 3, "fields": {"company": "917766a0-f77f-4a46-a066-c6b24f749390", "staff": null, "first_name": "Favour", "last_name": "Afenikhena", "invite_id": "4572863", "email": "favourdeveloper@gmail.com2", "role": null, "status": "ACTIVE", "invited": false, "timestamp": "2022-12-23T20:26:01.050Z"}}, {"model": "companies.companyinvite", "pk": 4, "fields": {"company": "917766a0-f77f-4a46-a066-c6b24f749390", "staff": null, "first_name": "Favour", "last_name": "Afenikhena", "invite_id": "8017895", "email": "favourdeveloper@gmail.com4", "role": null, "status": "ACTIVE", "invited": false, "timestamp": "2022-12-23T20:33:54.956Z"}}, {"model": "companies.companyinvite", "pk": 5, "fields": {"company": "917766a0-f77f-4a46-a066-c6b24f749390", "staff": null, "first_name": "Favour", "last_name": "Afenikhena", "invite_id": "9506415", "email": "favourdeveloper@gmail.com6", "role": null, "status": "ACTIVE", "invited": false, "timestamp": "2022-12-23T20:38:52.254Z"}}, {"model": "companies.companyinvite", "pk": 6, "fields": {"company": "917766a0-f77f-4a46-a066-c6b24f749390", "staff": null, "first_name": "Favour", "last_name": "Afenikhena", "invite_id": "6635918", "email": "marketer1@gmail.com", "role": null, "status": "ACTIVE", "invited": false, "timestamp": "2023-01-05T13:39:02.463Z"}}, {"model": "companies.companyinvite", "pk": 7, "fields": {"company": "917766a0-f77f-4a46-a066-c6b24f749390", "staff": null, "first_name": "Favour", "last_name": "Afenikhena", "invite_id": "3512378", "email": "marketer1@gmail.comm", "role": null, "status": "ACTIVE", "invited": false, "timestamp": "2023-01-05T13:40:50.515Z"}}, {"model": "companies.companyinvite", "pk": 8, "fields": {"company": "6cccfd58-81bd-4e4e-a4b4-77055751e22d", "staff": null, "first_name": "Favour", "last_name": "Afenikhena", "invite_id": "7441697", "email": "marketer1@gmail.commM", "role": null, "status": "ACTIVE", "invited": false, "timestamp": "2023-01-05T13:47:18.669Z"}}, {"model": "companies.companyinvite", "pk": 9, "fields": {"company": "6cccfd58-81bd-4e4e-a4b4-77055751e22d", "staff": null, "first_name": "Favour", "last_name": "Afenikhena", "invite_id": "8450732", "email": "marketer1@gmail.commMmm", "role": null, "status": "ACTIVE", "invited": false, "timestamp": "2023-01-05T13:49:51.905Z"}}, {"model": "companies.companyinvite", "pk": 10, "fields": {"company": "8e5c31c8-b0ad-4cf1-9a28-fc8a980bf5f6", "staff": "024e81b0-8cf5-49b8-bc19-af7a691d31a4", "first_name": "Favour", "last_name": null, "invite_id": "6271515", "email": "dev.codertjay@gmail.com", "role": "MARKETER", "status": "ACTIVE", "invited": true, "timestamp": "2023-01-05T15:03:36.989Z"}}, {"model": "companies.group", "pk": "429fc614-dccf-486a-91bc-4751b83f570f", "fields": {"company": "8e5c31c8-b0ad-4cf1-9a28-fc8a980bf5f6", "title": "Test", "slug": "test", "timestamp": "2023-02-27T08:39:32.064Z"}}, {"model": "companies.group", "pk": "5abf571e-85b9-4e40-8f8c-c7bccbd54b26", "fields": {"company": "8e5c31c8-b0ad-4cf1-9a28-fc8a980bf5f6", "title": "Newsletter", "slug": "newsletter", "timestamp": "2022-12-04T23:30:03.045Z"}}, {"model": "companies.group", "pk": "bbb3d957-a496-4027-9ed7-7688994fa769", "fields": {"company": "6cccfd58-81bd-4e4e-a4b4-77055751e22d", "title": "HIGHVALUECONTENT", "slug": "highvaluecontent", "timestamp": "2023-01-09T04:08:43.966Z"}}, {"model": "companies.group", "pk": "f022c235-a97c-4344-9a3e-ccbb04815c7e", "fields": {"company": "8e5c31c8-b0ad-4cf1-9a28-fc8a980bf5f6", "title": "Student", "slug": "student", "timestamp": "2022-12-05T10:32:02.429Z"}}, {"model": "feedbacks.feedback", "pk": "3c150cef-15e1-4301-b8a9-d4ef5d889b9c", "fields": {"company": "8e5c31c8-b0ad-4cf1-9a28-fc8a980bf5f6", "staff": "024e81b0-8cf5-49b8-bc19-af7a691d31a4", "content_type": 28, "object_id": "a82ce483-b96a-4361-8b12-fa551c47ee62", "next_schedule": "2020-12-11T23:00:00Z", "feedback": "I was able to blah blah  new ,,,,,", "action": "SMS", "timestamp": "2023-02-20T14:17:20.977Z"}}, {"model": "feedbacks.feedback", "pk": "e6fbdd09-a877-41eb-ab2a-bb9e10f19e7f", "fields": {"company": "8e5c31c8-b0ad-4cf1-9a28-fc8a980bf5f6", "staff": "024e81b0-8cf5-49b8-bc19-af7a691d31a4", "content_type": 28, "object_id": "a82ce483-b96a-4361-8b12-fa551c47ee62", "next_schedule": "2024-12-11T23:00:00Z", "feedback": "I was able to blah blah  new ,,,,,", "action": "SMS", "timestamp": "2023-02-20T15:18:31.265Z"}}, {"model": "leads.leadcontact", "pk": "034559ee-27a0-47fe-b57c-403222a7d66f", "fields": {"prefix": "Mr", "lead_type": null, "company": "8e5c31c8-b0ad-4cf1-9a28-fc8a980bf5f6", "last_name": "Thankgod", "first_name": "Codertjay", "thumbnail": "", "middle_name": "Thankgod", "job_title": "computer programming", "department": "Tech dep", "sector": "Engineering", "want": "SIBLING", "email": "favosdurdd@gmail.com", "mobile": "2222222", "lead_source": "GOOGLE", "assigned_marketer": "024e81b0-8cf5-49b8-bc19-af7a691d31a4", "is_safe": false, "verified": false, "paying": false, "send_email": null, "gender": "MALE", "category": "NOT_AWARE", "timestamp": "2023-02-27T09:16:03.728Z", "groups": []}}, {"model": "leads.leadcontact", "pk": "1636d14d-fe78-4d02-b53d-0eff6212536c", "fields": {"prefix": "Mr", "lead_type": null, "company": "8e5c31c8-b0ad-4cf1-9a28-fc8a980bf5f6", "last_name": "Thankgod", "first_name": "Codertjay", "thumbnail": "", "middle_name": "Thankgod", "job_title": "computer programming", "department": "Tech dep", "sector": "Engineering", "want": "SIBLING", "email": "demi@gmail.com", "mobile": "2222222", "lead_source": "GOOGLE", "assigned_marketer": "024e81b0-8cf5-49b8-bc19-af7a691d31a4", "is_safe": false, "verified": false, "paying": false, "send_email": null, "gender": "MALE", "category": "NOT_AWARE", "timestamp": "2023-01-05T15:05:02.610Z", "groups": ["5abf571e-85b9-4e40-8f8c-c7bccbd54b26"]}}, {"model": "leads.leadcontact", "pk": "354d7fac-6407-454d-861d-7f968cd99b9d", "fields": {"prefix": "Mr", "lead_type": null, "company": "8e5c31c8-b0ad-4cf1-9a28-fc8a980bf5f6", "last_name": "Thankgod", "first_name": "Codertjay", "thumbnail": "", "middle_name": "Thankgod", "job_title": "computer programming", "department": "Tech dep", "sector": "Engineering", "want": "SIBLING", "email": "favour@gmail.com", "mobile": "2222222", "lead_source": "GOOGLE", "assigned_marketer": "024e81b0-8cf5-49b8-bc19-af7a691d31a4", "is_safe": false, "verified": false, "paying": false, "send_email": null, "gender": "MALE", "category": "NOT_AWARE", "timestamp": "2023-02-27T08:44:52.050Z", "groups": []}}, {"model": "leads.leadcontact", "pk": "3e1f5e24-a07c-473d-bc0d-2f1739efe158", "fields": {"prefix": "Mr", "lead_type": null, "company": "8e5c31c8-b0ad-4cf1-9a28-fc8a980bf5f6", "last_name": "Thankgod", "first_name": "Codertjay", "thumbnail": "", "middle_name": "Thankgod", "job_title": "computer programming", "department": "Tech dep", "sector": "Engineering", "want": "SIBLING", "email": "codertjay@gmail.com", "mobile": "2222222", "lead_source": "GOOGLE", "assigned_marketer": "024e81b0-8cf5-49b8-bc19-af7a691d31a4", "is_safe": false, "verified": false, "paying": false, "send_email": null, "gender": "MALE", "category": "NOT_AWARE", "timestamp": "2022-12-04T23:30:53.595Z", "groups": []}}, {"model": "leads.leadcontact", "pk": "9219a231-a3a1-44e3-86dd-b951a862769a", "fields": {"prefix": "Mr", "lead_type": null, "company": "8e5c31c8-b0ad-4cf1-9a28-fc8a980bf5f6", "last_name": "Thankgod", "first_name": "Codertjay", "thumbnail": "", "middle_name": "Thankgod", "job_title": "computer programming", "department": "Tech dep", "sector": "Engineering", "want": "SIBLING", "email": "favodur@gmail.com", "mobile": "2222222", "lead_source": "GOOGLE", "assigned_marketer": "024e81b0-8cf5-49b8-bc19-af7a691d31a4", "is_safe": false, "verified": false, "paying": false, "send_email": null, "gender": "MALE", "category": "NOT_AWARE", "timestamp": "2023-02-27T09:11:57.313Z", "groups": []}}, {"model": "leads.leadcontact", "pk": "a82ce483-b96a-4361-8b12-fa551c47ee62", "fields": {"prefix": "Mr", "lead_type": null, "company": "8e5c31c8-b0ad-4cf1-9a28-fc8a980bf5f6", "last_name": "Thankgod", "first_name": "Codertjay", "thumbnail": "", "middle_name": "Thankgod", "job_title": "computer programming", "department": "Tech dep", "sector": "Engineering", "want": "SIBLING", "email": "demi@gmai.com", "mobile": "2222222", "lead_source": "GOOGLE", "assigned_marketer": "024e81b0-8cf5-49b8-bc19-af7a691d31a4", "is_safe": false, "verified": false, "paying": false, "send_email": null, "gender": "MALE", "category": "NOT_AWARE", "timestamp": "2023-01-05T15:10:48.022Z", "groups": []}}, {"model": "leads.leadcontact", "pk": "d2cc4057-0894-41d6-afe9-43a09e0f1ab3", "fields": {"prefix": "Mr", "lead_type": null, "company": "8e5c31c8-b0ad-4cf1-9a28-fc8a980bf5f6", "last_name": "Thankgod", "first_name": "Codertjay", "thumbnail": "", "middle_name": "Thankgod", "job_title": "computer programming", "department": "Tech dep", "sector": "Engineering", "want": "SIBLING", "email": "demed@gmail.com", "mobile": "2222222", "lead_source": "GOOGLE", "assigned_marketer": "024e81b0-8cf5-49b8-bc19-af7a691d31a4", "is_safe": false, "verified": false, "paying": false, "send_email": null, "gender": "MALE", "category": "NOT_AWARE", "timestamp": "2023-02-22T15:43:48.372Z", "groups": ["f022c235-a97c-4344-9a3e-ccbb04815c7e"]}}, {"model": "leads.leadcontact", "pk": "ebdb79de-65a4-4028-a179-bf4220598142", "fields": {"prefix": "Mr", "lead_type": null, "company": "8e5c31c8-b0ad-4cf1-9a28-fc8a980bf5f6", "last_name": "Thankgod", "first_name": "Codertjay", "thumbnail": "", "middle_name": "Thankgod", "job_title": "computer programming", "department": "Tech dep", "sector": "Engineering", "want": "SIBLING", "email": "favosdur@gmail.com", "mobile": "2222222", "lead_source": "GOOGLE", "assigned_marketer": "024e81b0-8cf5-49b8-bc19-af7a691d31a4", "is_safe": false, "verified": false, "paying": false, "send_email": null, "gender": "MALE", "category": "NOT_AWARE", "timestamp": "2023-02-27T09:15:32.381Z", "groups": ["5abf571e-85b9-4e40-8f8c-c7bccbd54b26"]}}, {"model": "schedules.userschedulecall", "pk": "16c5be85-37a7-418a-968f-02029359366d", "fields": {"assigned_marketer": "024e81b0-8cf5-49b8-bc19-af7a691d31a4", "first_name": "Favour", "last_name": "Afenikhena", "age_range": null, "email": "PARENT@gmkamil.com", "location": "Lagos,Nigeria", "gender": "MALE", "phone": "23457555", "age": null, "communication_medium": "SMS", "scheduled_date": "2022-12-12T00:00:00Z", "employed": null, "other_training": null, "other_training_lesson": null, "will_pay": null, "income_range": null, "knowledge_scale": 50, "have_laptop": true, "will_get_laptop": null, "when_get_laptop": null, "good_internet": true, "weekly_commitment": null, "saturday_check_in": null, "hours_per_week": "", "catch_up_per_hours_weeks": null, "more_details": "I would like to share this detail . I dont know .", "kids_count": 4, "kids_years": null, "time_close_from_school": "3pm", "user_type": "PARENT", "schedule_call": "6095ae3a-ed7c-49be-9b42-719ad72d02d1", "lead_contact": null, "schedule_category": "PENDING", "eligible": null, "timestamp": "2022-12-05T10:58:17.290Z", "groups": ["f022c235-a97c-4344-9a3e-ccbb04815c7e"]}}, {"model": "schedules.userschedulecall", "pk": "69d12797-7510-4dea-a349-af471926caf1", "fields": {"assigned_marketer": "024e81b0-8cf5-49b8-bc19-af7a691d31a4", "first_name": "Favour", "last_name": "Afenikhena", "age_range": null, "email": "PARENT@gmkamil.com", "location": "Lagos,Nigeria", "gender": "MALE", "phone": "23457555", "age": null, "communication_medium": "SMS", "scheduled_date": "2022-12-12T00:00:00Z", "employed": null, "other_training": null, "other_training_lesson": null, "will_pay": null, "income_range": null, "knowledge_scale": 50, "have_laptop": true, "will_get_laptop": null, "when_get_laptop": null, "good_internet": true, "weekly_commitment": null, "saturday_check_in": null, "hours_per_week": "", "catch_up_per_hours_weeks": null, "more_details": "I would like to share this detail . I dont know .", "kids_count": 4, "kids_years": null, "time_close_from_school": "3pm", "user_type": "PARENT", "schedule_call": "6095ae3a-ed7c-49be-9b42-719ad72d02d1", "lead_contact": null, "schedule_category": "PENDING", "eligible": null, "timestamp": "2022-12-05T11:06:52.419Z", "groups": ["f022c235-a97c-4344-9a3e-ccbb04815c7e"]}}, {"model": "schedules.schedulecall", "pk": "6095ae3a-ed7c-49be-9b42-719ad72d02d1", "fields": {"staff": "024e81b0-8cf5-49b8-bc19-af7a691d31a4", "company": null, "group": null, "title": "30 Minute Schedule", "slug": "30-Minutes-Schedule", "minutes": 30, "description": null, "meeting_link": "https://meeting.google.com/?fssnbj", "redirect_link": null, "redirect_link_title": null, "timestamp": "2022-12-05T10:58:04.102Z"}}, {"model": "high_value_contents.highvaluecontent", "pk": "6387b336-e6b5-4ca2-8447-2777bf7b46c9", "fields": {"company": "6cccfd58-81bd-4e4e-a4b4-77055751e22d", "created_by": "024e81b0-8cf5-49b8-bc19-af7a691d31a4", "last_edit_by": null, "group": "bbb3d957-a496-4027-9ed7-7688994fa769", "title": "Good Content .", "slug": "good-content-daf3c885-dd4f-47ff-a3b2-280172539004-a5d62cc4-7a13-4935-b531-cf84b7385cc9-94d85c43-5e13-453e-8eee-ffe846368b8f-adec9de2-bb35-4890-82ee-16e73cd732cf-dfa91219-aa8c-4003-af95-72e60a31395b", "description": "If you see this content ....... close your eyes", "thumbnail": "downloads/new_kWcC8J7.jpg", "file": "downloads/cscharmonized_B6xaY5t.pdf", "link": "https://drive.google.com/drive/u/0/my-drive", "youtube_link": "https://drive.google.com/drive/u/0/my-drive", "vimeo_link": "https://drive.google.com/drive/u/0/my-drive", "vimeo_hash_key": "https://drive.google.com/drive/u/0/my-drive", "schedule_link": "", "last_edit": "2023-01-09T04:21:50.045Z", "upload_date": "2023-01-09T04:21:49.951Z", "publish": true, "timestamp": "2023-01-09T04:21:49.951Z"}}, {"model": "high_value_contents.highvaluecontent", "pk": "781fa225-133f-4188-8f3d-803cfa33e840", "fields": {"company": "6cccfd58-81bd-4e4e-a4b4-77055751e22d", "created_by": "024e81b0-8cf5-49b8-bc19-af7a691d31a4", "last_edit_by": null, "group": "bbb3d957-a496-4027-9ed7-7688994fa769", "title": "Good Content .", "slug": "good-content-daf3c885-dd4f-47ff-a3b2-280172539004-a5d62cc4-7a13-4935-b531-cf84b7385cc9-94d85c43-5e13-453e-8eee-ffe846368b8f-adec9de2-bb35-4890-82ee-16e73cd732cf-dfa91219-aa8c-4003-af95-72e60a31395b-6387b336-e6b5-4ca2-8447-2777bf7b46c9", "description": "If you see this content ....... close your eyes", "thumbnail": "downloads/new_auK3cf0.jpg", "file": "downloads/cscharmonized_SL6GBO3.pdf", "link": "https://drive.google.com/drive/u/0/my-drive", "youtube_link": "https://drive.google.com/drive/u/0/my-drive", "vimeo_link": "https://drive.google.com/drive/u/0/my-drive", "vimeo_hash_key": "https://drive.google.com/drive/u/0/my-drive", "schedule_link": "", "last_edit": "2023-01-09T04:22:46.634Z", "upload_date": "2023-01-09T04:22:46.560Z", "publish": true, "timestamp": "2023-01-09T04:22:46.560Z"}}, {"model": "high_value_contents.highvaluecontent", "pk": "94d85c43-5e13-453e-8eee-ffe846368b8f", "fields": {"company": "6cccfd58-81bd-4e4e-a4b4-77055751e22d", "created_by": "024e81b0-8cf5-49b8-bc19-af7a691d31a4", "last_edit_by": null, "group": "bbb3d957-a496-4027-9ed7-7688994fa769", "title": "Good Content .", "slug": "good-content-daf3c885-dd4f-47ff-a3b2-280172539004-a5d62cc4-7a13-4935-b531-cf84b7385cc9", "description": "If you see this content ....... close your eyes", "thumbnail": "downloads/new.jpg", "file": "downloads/cscharmonized.pdf", "link": "https://drive.google.com/drive/u/0/my-drive", "youtube_link": "https://drive.google.com/drive/u/0/my-drive", "vimeo_link": "https://drive.google.com/drive/u/0/my-drive", "vimeo_hash_key": "https://drive.google.com/drive/u/0/my-drive", "schedule_link": "", "last_edit": "2023-01-09T04:12:52.225Z", "upload_date": "2023-01-09T04:12:52.089Z", "publish": true, "timestamp": "2023-01-09T04:12:52.089Z"}}, {"model": "high_value_contents.highvaluecontent", "pk": "a5d62cc4-7a13-4935-b531-cf84b7385cc9", "fields": {"company": "6cccfd58-81bd-4e4e-a4b4-77055751e22d", "created_by": "024e81b0-8cf5-49b8-bc19-af7a691d31a4", "last_edit_by": null, "group": "bbb3d957-a496-4027-9ed7-7688994fa769", "title": "Good Content .", "slug": "good-content-daf3c885-dd4f-47ff-a3b2-280172539004", "description": "If you see this content ....... close your eyes", "thumbnail": "", "file": "", "link": "https://drive.google.com/drive/u/0/my-drive", "youtube_link": "https://drive.google.com/drive/u/0/my-drive", "vimeo_link": "https://drive.google.com/drive/u/0/my-drive", "vimeo_hash_key": "https://drive.google.com/drive/u/0/my-drive", "schedule_link": "", "last_edit": "2023-01-09T04:11:53.599Z", "upload_date": "2023-01-09T04:11:53.569Z", "publish": true, "timestamp": "2023-01-09T04:11:53.569Z"}}, {"model": "high_value_contents.highvaluecontent", "pk": "adec9de2-bb35-4890-82ee-16e73cd732cf", "fields": {"company": "6cccfd58-81bd-4e4e-a4b4-77055751e22d", "created_by": "024e81b0-8cf5-49b8-bc19-af7a691d31a4", "last_edit_by": null, "group": "bbb3d957-a496-4027-9ed7-7688994fa769", "title": "Good Content .", "slug": "good-content-daf3c885-dd4f-47ff-a3b2-280172539004-a5d62cc4-7a13-4935-b531-cf84b7385cc9-94d85c43-5e13-453e-8eee-ffe846368b8f", "description": "If you see this content ....... close your eyes", "thumbnail": "downloads/new_phPuUuX.jpg", "file": "downloads/cscharmonized_IcqXLF2.pdf", "link": "https://drive.google.com/drive/u/0/my-drive", "youtube_link": "https://drive.google.com/drive/u/0/my-drive", "vimeo_link": "https://drive.google.com/drive/u/0/my-drive", "vimeo_hash_key": "https://drive.google.com/drive/u/0/my-drive", "schedule_link": "", "last_edit": "2023-01-09T04:15:12.432Z", "upload_date": "2023-01-09T04:15:12.267Z", "publish": true, "timestamp": "2023-01-09T04:15:12.267Z"}}, {"model": "high_value_contents.highvaluecontent", "pk": "daf3c885-dd4f-47ff-a3b2-280172539004", "fields": {"company": "6cccfd58-81bd-4e4e-a4b4-77055751e22d", "created_by": "024e81b0-8cf5-49b8-bc19-af7a691d31a4", "last_edit_by": null, "group": "bbb3d957-a496-4027-9ed7-7688994fa769", "title": "Good Content .", "slug": "good-content", "description": "If you see this content ....... close your eyes", "thumbnail": "", "file": "", "link": "https://drive.google.com/drive/u/0/my-drive", "youtube_link": "https://drive.google.com/drive/u/0/my-drive", "vimeo_link": "https://drive.google.com/drive/u/0/my-drive", "vimeo_hash_key": "https://drive.google.com/drive/u/0/my-drive", "schedule_link": "", "last_edit": "2023-01-09T04:08:44.502Z", "upload_date": "2023-01-09T04:08:44.494Z", "publish": true, "timestamp": "2023-01-09T04:08:44.494Z"}}, {"model": "high_value_contents.highvaluecontent", "pk": "dfa91219-aa8c-4003-af95-72e60a31395b", "fields": {"company": "6cccfd58-81bd-4e4e-a4b4-77055751e22d", "created_by": "024e81b0-8cf5-49b8-bc19-af7a691d31a4", "last_edit_by": null, "group": "bbb3d957-a496-4027-9ed7-7688994fa769", "title": "Good Content .", "slug": "good-content-daf3c885-dd4f-47ff-a3b2-280172539004-a5d62cc4-7a13-4935-b531-cf84b7385cc9-94d85c43-5e13-453e-8eee-ffe846368b8f-adec9de2-bb35-4890-82ee-16e73cd732cf", "description": "If you see this content ....... close your eyes", "thumbnail": "downloads/new_APtKUj7.jpg", "file": "downloads/cscharmonized_nQQgPCZ.pdf", "link": "https://drive.google.com/drive/u/0/my-drive", "youtube_link": "https://drive.google.com/drive/u/0/my-drive", "vimeo_link": "https://drive.google.com/drive/u/0/my-drive", "vimeo_hash_key": "https://drive.google.com/drive/u/0/my-drive", "schedule_link": "", "last_edit": "2023-01-09T04:21:10.038Z", "upload_date": "2023-01-09T04:21:09.891Z", "publish": true, "timestamp": "2023-01-09T04:21:09.891Z"}}, {"model": "events.event", "pk": "3782d36d-d90d-41ed-bd8a-29199f863d71", "fields": {"staff": "024e81b0-8cf5-49b8-bc19-af7a691d31a4", "company": "8e5c31c8-b0ad-4cf1-9a28-fc8a980bf5f6", "email": "coder@gm.com", "title": "new ANothr Developer conference", "slug": "new-anothr-developer-conference-5c91501e-207a-43af-8897-de3f27b9eaed", "description": "Developer conference  Developer conference  Developer conference  Developer conference  Developer conference  Developer conference  Developer conference  Developer conference  Developer conference  Developer conference  Developer conference  Developer conference  Developer conference  Developer conference  Developer conference  Developer conference  Developer conference  Developer conference  Developer conference  Developer conference  Developer conference  Developer conference  Developer conference  Developer conference  Developer conference  Developer conference  Developer conference  Developer conference  Developer conference  Developer conference  Developer conference  Developer conference  Developer conference", "location": "Lagos, Nigeria", "link_1": "https://coder.com", "link_2": "https://coder.com", "image": "events/Django_api_2_efQD5Vl.png", "tags": "tech, programming,bootcamp", "price": "200.00", "start_date": "2023-02-05T08:10:00Z", "end_date": "2023-02-07T07:10:00Z", "is_paid": false, "timestamp": "2023-01-05T13:30:05.304Z"}}, {"model": "events.event", "pk": "5c91501e-207a-43af-8897-de3f27b9eaed", "fields": {"staff": "024e81b0-8cf5-49b8-bc19-af7a691d31a4", "company": "8e5c31c8-b0ad-4cf1-9a28-fc8a980bf5f6", "email": "coder@gm.com", "title": "new ANothr Developer conference", "slug": "new-anothr-developer-conference", "description": "Developer conference  Developer conference  Developer conference  Developer conference  Developer conference  Developer conference  Developer conference  Developer conference  Developer conference  Developer conference  Developer conference  Developer conference  Developer conference  Developer conference  Developer conference  Developer conference  Developer conference  Developer conference  Developer conference  Developer conference  Developer conference  Developer conference  Developer conference  Developer conference  Developer conference  Developer conference  Developer conference  Developer conference  Developer conference  Developer conference  Developer conference  Developer conference  Developer conference", "location": "Lagos, Nigeria", "link_1": "https://coder.com", "link_2": "https://coder.com", "image": "events/Django_api_2.png", "tags": "tech, programming,bootcamp", "price": "200.00", "start_date": "2023-02-05T08:10:00Z", "end_date": "2023-02-07T07:10:00Z", "is_paid": false, "timestamp": "2023-01-05T13:29:41.219Z"}}, {"model": "events.event", "pk": "f18de842-0652-4e3c-8dad-c55189696b8c", "fields": {"staff": "024e81b0-8cf5-49b8-bc19-af7a691d31a4", "company": "8e5c31c8-b0ad-4cf1-9a28-fc8a980bf5f6", "email": "coder@gm.com", "title": "new ANothr Developer conference", "slug": "new-anothr-developer-conference-5c91501e-207a-43af-8897-de3f27b9eaed-3782d36d-d90d-41ed-bd8a-29199f863d71", "description": "Developer conference  Developer conference  Developer conference  Developer conference  Developer conference  Developer conference  Developer conference  Developer conference  Developer conference  Developer conference  Developer conference  Developer conference  Developer conference  Developer conference  Developer conference  Developer conference  Developer conference  Developer conference  Developer conference  Developer conference  Developer conference  Developer conference  Developer conference  Developer conference  Developer conference  Developer conference  Developer conference  Developer conference  Developer conference  Developer conference  Developer conference  Developer conference  Developer conference", "location": "Lagos, Nigeria", "link_1": "https://coder.com", "link_2": "https://coder.com", "image": "events/Django_api_2_hrJIdJW.png", "tags": "tech, programming,bootcamp", "price": "200.00", "start_date": "2023-02-05T08:10:00Z", "end_date": "2023-02-07T07:10:00Z", "is_paid": false, "timestamp": "2023-01-05T13:30:08.778Z"}}, {"model": "careers.jobtype", "pk": "6bb0dc8e-1461-413c-b8d5-e1319a593459", "fields": {"job_type": "REMOTE", "timestamp": "2022-12-23T17:42:58.730Z"}}, {"model": "careers.applicanteducation", "pk": 1, "fields": {"job": "79021d04-3679-4e65-91b3-88ee52a56bbe", "applicant": "5e07dca9-85d7-487f-ad44-d55338a2d535", "institution": "National open university", "course": "BSC", "description": "the descript bla bla bla", "from_date": "3000-12-02", "to_date": null, "still_schooling": true, "timestamp": "2023-01-05T11:52:44.511Z"}}, {"model": "careers.applicanteducation", "pk": 2, "fields": {"job": "79021d04-3679-4e65-91b3-88ee52a56bbe", "applicant": "5e07dca9-85d7-487f-ad44-d55338a2d535", "institution": "National open university", "course": "BSC", "description": "the descript bla bla bla", "from_date": "3000-12-02", "to_date": null, "still_schooling": true, "timestamp": "2023-01-05T11:52:44.733Z"}}, {"model": "careers.applicant", "pk": "30eee446-e922-4976-8c41-434fd6fb252f", "fields": {"job": null, "company": "8e5c31c8-b0ad-4cf1-9a28-fc8a980bf5f6", "first_name": "Favour", "email": "dev.codertjay@gmail.comsp", "image": "applicants/Django_api_3.png", "last_name": "Afenikhena", "status": "PENDING", "nationality": "Nigerian", "country_of_residence": "Nigeria", "phone_number": "2348000000000", "home_address": "Dolphin estate apapa lane", "linkedin": "https://www.linkedin/in/codertjay", "website": "https://www.codertjay.com", "facebook": "https://www.facebook.com/facebbbb", "twitter": "https://twitter.com/codertjay", "resume": "resumes/Favour_Resume.pdf", "message": "Good days sir i am bla bla bla bla bla bla bla bla bla bla bla bla bla bla bla bla bla bla bla bla bla bla bla bla bla bla bla bla bla bla", "timestamp": "2023-01-05T10:07:06.747Z"}}, {"model": "careers.applicant", "pk": "40825f2a-6e60-421a-aadf-b27ffb745af7", "fields": {"job": null, "company": "8e5c31c8-b0ad-4cf1-9a28-fc8a980bf5f6", "first_name": "Favour", "email": "dev.codertjay@gmail.comsp", "image": "applicants/Django_api_3_p2Cmd52.png", "last_name": "Afenikhena", "status": "PENDING", "nationality": "Nigerian", "country_of_residence": "Nigeria", "phone_number": "2348000000000", "home_address": "Dolphin estate apapa lane", "linkedin": "https://www.linkedin/in/codertjay", "website": "https://www.codertjay.com", "facebook": "https://www.facebook.com/facebbbb", "twitter": "https://twitter.com/codertjay", "resume": "resumes/Favour_Resume_GqkIIZo.pdf", "message": "Good days sir i am bla bla bla bla bla bla bla bla bla bla bla bla bla bla bla bla bla bla bla bla bla bla bla bla bla bla bla bla bla bla", "timestamp": "2023-01-05T10:09:15.530Z"}}, {"model": "careers.applicant", "pk": "5e07dca9-85d7-487f-ad44-d55338a2d535", "fields": {"job": "79021d04-3679-4e65-91b3-88ee52a56bbe", "company": "8e5c31c8-b0ad-4cf1-9a28-fc8a980bf5f6", "first_name": "Favour", "email": "dev.codertjay@gmail.comspsshskmsdds", "image": "applicants/Django_api_3_mb4iDKx.png", "last_name": "Afenikhena", "status": "PENDING", "nationality": "Nigerian", "country_of_residence": "Nigeria", "phone_number": "2348000000000", "home_address": "Dolphin estate apapa lane", "linkedin": "https://www.linkedin/in/codertjay", "website": "https://www.codertjay.com", "facebook": "https://www.facebook.com/facebbbb", "twitter": "https://twitter.com/codertjay", "resume": "resumes/Favour_Resume_KkGSMif.pdf", "message": "Good days sir i am bla bla bla bla bla bla bla bla bla bla bla bla bla bla bla bla bla bla bla bla bla bla bla bla bla bla bla bla bla bla", "timestamp": "2023-01-05T11:52:35.365Z"}}, {"model": "careers.applicant", "pk": "80ea2e87-d37a-45c9-8424-98d7b7ccc6b2", "fields": {"job": "79021d04-3679-4e65-91b3-88ee52a56bbe", "company": "8e5c31c8-b0ad-4cf1-9a28-fc8a980bf5f6", "first_name": "Favour", "email": "dev.codertjay@gmail.comspsshskms", "image": "applicants/Django_api_3_FV0Wyjj.png", "last_name": "Afenikhena", "status": "PENDING", "nationality": "Nigerian", "country_of_residence": "Nigeria", "phone_number": "2348000000000", "home_address": "Dolphin estate apapa lane", "linkedin": "https://www.linkedin/in/codertjay", "website": "https://www.codertjay.com", "facebook": "https://www.facebook.com/facebbbb", "twitter": "https://twitter.com/codertjay", "resume": "resumes/Favour_Resume_8RY2R0R.pdf", "message": "Good days sir i am bla bla bla bla bla bla bla bla bla bla bla bla bla bla bla bla bla bla bla bla bla bla bla bla bla bla bla bla bla bla", "timestamp": "2023-01-05T11:48:30.806Z"}}, {"model": "careers.applicant", "pk": "85f8daf4-1065-466f-a931-490e53f320bd", "fields": {"job": "79021d04-3679-4e65-91b3-88ee52a56bbe", "company": "8e5c31c8-b0ad-4cf1-9a28-fc8a980bf5f6", "first_name": "Favour", "email": "dev.codertjay@gmail.comspsshskm", "image": "applicants/Django_api_3_IWltYs2.png", "last_name": "Afenikhena", "status": "PENDING", "nationality": "Nigerian", "country_of_residence": "Nigeria", "phone_number": "2348000000000", "home_address": "Dolphin estate apapa lane", "linkedin": "https://www.linkedin/in/codertjay", "website": "https://www.codertjay.com", "facebook": "https://www.facebook.com/facebbbb", "twitter": "https://twitter.com/codertjay", "resume": "resumes/Favour_Resume_2MibEcf.pdf", "message": "Good days sir i am bla bla bla bla bla bla bla bla bla bla bla bla bla bla bla bla bla bla bla bla bla bla bla bla bla bla bla bla bla bla", "timestamp": "2023-01-05T11:44:46.728Z"}}, {"model": "careers.applicant", "pk": "aefa7847-d04b-49f3-b507-c2b1bf2cbec4", "fields": {"job": "79021d04-3679-4e65-91b3-88ee52a56bbe", "company": "8e5c31c8-b0ad-4cf1-9a28-fc8a980bf5f6", "first_name": "Favour", "email": "dev.codertjay@gmail.comspsshskmsdd", "image": "applicants/Django_api_3_mQKZxqg.png", "last_name": "Afenikhena", "status": "PENDING", "nationality": "Nigerian", "country_of_residence": "Nigeria", "phone_number": "2348000000000", "home_address": "Dolphin estate apapa lane", "linkedin": "https://www.linkedin/in/codertjay", "website": "https://www.codertjay.com", "facebook": "https://www.facebook.com/facebbbb", "twitter": "https://twitter.com/codertjay", "resume": "resumes/Favour_Resume_oAc8WBy.pdf", "message": "Good days sir i am bla bla bla bla bla bla bla bla bla bla bla bla bla bla bla bla bla bla bla bla bla bla bla bla bla bla bla bla bla bla", "timestamp": "2023-01-05T11:50:15.718Z"}}, {"model": "careers.applicant", "pk": "b97fdab2-64ae-4656-8a3a-1e91b445d3e9", "fields": {"job": "79021d04-3679-4e65-91b3-88ee52a56bbe", "company": "8e5c31c8-b0ad-4cf1-9a28-fc8a980bf5f6", "first_name": "Favour", "email": "dev.codertjay@gmail.comspsshs", "image": "applicants/Django_api_3_KEIiMfM.png", "last_name": "Afenikhena", "status": "PENDING", "nationality": "Nigerian", "country_of_residence": "Nigeria", "phone_number": "2348000000000", "home_address": "Dolphin estate apapa lane", "linkedin": "https://www.linkedin/in/codertjay", "website": "https://www.codertjay.com", "facebook": "https://www.facebook.com/facebbbb", "twitter": "https://twitter.com/codertjay", "resume": "resumes/Favour_Resume_HzQbFUe.pdf", "message": "Good days sir i am bla bla bla bla bla bla bla bla bla bla bla bla bla bla bla bla bla bla bla bla bla bla bla bla bla bla bla bla bla bla", "timestamp": "2023-01-05T11:35:11.073Z"}}, {"model": "careers.applicant", "pk": "c33162f5-2904-42d3-a58d-5033f27a1ce4", "fields": {"job": "79021d04-3679-4e65-91b3-88ee52a56bbe", "company": "8e5c31c8-b0ad-4cf1-9a28-fc8a980bf5f6", "first_name": "Favour", "email": "dev.codertjay@gmail.comsps", "image": "applicants/Django_api_3_34Xdoso.png", "last_name": "Afenikhena", "status": "PENDING", "nationality": "Nigerian", "country_of_residence": "Nigeria", "phone_number": "2348000000000", "home_address": "Dolphin estate apapa lane", "linkedin": "https://www.linkedin/in/codertjay", "website": "https://www.codertjay.com", "facebook": "https://www.facebook.com/facebbbb", "twitter": "https://twitter.com/codertjay", "resume": "resumes/Favour_Resume_XrrLxHg.pdf", "message": "Good days sir i am bla bla bla bla bla bla bla bla bla bla bla bla bla bla bla bla bla bla bla bla bla bla bla bla bla bla bla bla bla bla", "timestamp": "2023-01-05T11:31:15.939Z"}}, {"model": "careers.applicant", "pk": "c4a803b3-a44b-4efa-9f8d-8451491d6984", "fields": {"job": "79021d04-3679-4e65-91b3-88ee52a56bbe", "company": "8e5c31c8-b0ad-4cf1-9a28-fc8a980bf5f6", "first_name": "Favour", "email": "dev.codertjay@gmail.comspsshsk", "image": "applicants/Django_api_3_2rQCANb.png", "last_name": "Afenikhena", "status": "PENDING", "nationality": "Nigerian", "country_of_residence": "Nigeria", "phone_number": "2348000000000", "home_address": "Dolphin estate apapa lane", "linkedin": "https://www.linkedin/in/codertjay", "website": "https://www.codertjay.com", "facebook": "https://www.facebook.com/facebbbb", "twitter": "https://twitter.com/codertjay", "resume": "resumes/Favour_Resume_FDD82EA.pdf", "message": "Good days sir i am bla bla bla bla bla bla bla bla bla bla bla bla bla bla bla bla bla bla bla bla bla bla bla bla bla bla bla bla bla bla", "timestamp": "2023-01-05T11:35:57.728Z"}}, {"model": "careers.applicant", "pk": "e3c8c8a3-c4d9-4c76-be8c-ccf2e9308e7d", "fields": {"job": "79021d04-3679-4e65-91b3-88ee52a56bbe", "company": "8e5c31c8-b0ad-4cf1-9a28-fc8a980bf5f6", "first_name": "Favour", "email": "dev.codertjay@gmail.comsp", "image": "applicants/Django_api_3_Rynzs5j.png", "last_name": "Afenikhena", "status": "INVITED", "nationality": "Nigerian", "country_of_residence": "Nigeria", "phone_number": "2348000000000", "home_address": "Dolphin estate apapa lane", "linkedin": "https://www.linkedin/in/codertjay", "website": "https://www.codertjay.com", "facebook": "https://www.facebook.com/facebbbb", "twitter": "https://twitter.com/codertjay", "resume": "resumes/Favour_Resume_07aKGTt.pdf", "message": "Good days sir i am bla bla bla bla bla bla bla bla bla bla bla bla bla bla bla bla bla bla bla bla bla bla bla bla bla bla bla bla bla bla", "timestamp": "2023-01-05T10:25:14.705Z"}}, {"model": "careers.job", "pk": "79021d04-3679-4e65-91b3-88ee52a56bbe", "fields": {"company": "8e5c31c8-b0ad-4cf1-9a28-fc8a980bf5f6", "job_category": "ANIMATION", "job_experience_level": "JUNIOR-LEVEL", "title": "Backend Junior Developer", "description": "This is a backend jib for a dev that is above bla bla bla  bla bla bla  bla bla bla  bla bla bla  bla bla bla  bla bla bla  bla bla bla  bla bla bla  bla bla bla  bla bla bla  bla bla bla  bla bla bla  bla bla bla  bla bla bla  bla bla bla  bla bla bla  bla bla bla  bla bla bla  bla bla bla  bla bla bla  bla bla bla  bla bla bla  bla bla bla  bla bla bla  bla bla bla  bla bla bla  bla bla bla  bla bla bla  bla bla bla  bla bla bla  bla bla bla  bla bla bla  bla bla bla  bla bla bla  bla bla bla  bla bla bla  bla bla bla  bla bla bla  bla bla bla  bla bla bla  bla bla bla  bla bla bla  bla bla bla  bla bla bla  bla bla bla  bla bla bla  bla bla bla  bla bla bla  bla bla bla  bla bla bla  bla bla bla  bla bla bla  bla bla bla  bla bla bla  bla bla bla  bla bla bla  bla bla bla  bla bla bla  bla bla bla  bla bla bla  bla bla bla  bla bla bla  bla bla bla  bla bla bla  bla bla bla  bla bla bla  bla bla bla  bla bla bla", "application_deadline": "2022-12-29", "timestamp": "2022-12-23T17:43:55.492Z", "job_types": ["6bb0dc8e-1461-413c-b8d5-e1319a593459"]}}, {"model": "communications.sendcustomemailschedulerlog", "pk": "471777bf-4677-45d0-9c0f-b42357990ae3", "fields": {"company": "8e5c31c8-b0ad-4cf1-9a28-fc8a980bf5f6", "send_custom_email_scheduler": "67a92ad1-1889-4038-8451-02e0354e4632", "email": "codertjay@gmail.com", "status": "SENT", "view_count": 0, "links_clicked": null, "links_clicked_count": 0, "timestamp": "2022-12-04T23:26:09.256Z"}}, {"model": "communications.sendcustomemailschedulerlog", "pk": "be547cfd-8db9-407c-b93f-4ebcc06053b0", "fields": {"company": "8e5c31c8-b0ad-4cf1-9a28-fc8a980bf5f6", "send_custom_email_scheduler": "67a92ad1-1889-4038-8451-02e0354e4632", "email": "dev.codertjay@gmail.com", "status": "SENT", "view_count": 0, "links_clicked": null, "links_clicked_count": 0, "timestamp": "2022-12-04T23:26:08.574Z"}}, {"model": "communications.sendcustomemailscheduler", "pk": "67a92ad1-1889-4038-8451-02e0354e4632", "fields": {"company": "8e5c31c8-b0ad-4cf1-9a28-fc8a980bf5f6", "email_subject": "Testing link and view count", "email_list": "dev.codertjay@gmail.com,codertjay@gmail.com", "description": "<a href='https://google.com'>Google</a>  <a href='https://github.com'>Github</a>   new message", "scheduled_date": "2022-12-04T23:27:00Z", "timestamp": "2022-12-04T23:26:07.721Z"}}, {"model": "email_logs.emaillog", "pk": 7, "fields": {"company": "8e5c31c8-b0ad-4cf1-9a28-fc8a980bf5f6", "message_id": "be547cfd-8db9-407c-b93f-4ebcc06053b0", "message_type": "CUSTOM", "email_from": "New Company", "email_to": "dev.codertjay@gmail.com", "reply_to": "dev.suport@gmail.com", "max_retries": 1, "email_subject": "Testing link and view count", "description": "<a href='https://production.codertjay.com:8001/api/v1/communications/update_links_clicked/?&email_type=custom&email_id=be547cfd-8db9-407c-b93f-4ebcc06053b0&redirect_url=https://google.com'>Google</a>  <a href='https://production.codertjay.com:8001/api/v1/communications/update_links_clicked/?&email_type=custom&email_id=be547cfd-8db9-407c-b93f-4ebcc06053b0&redirect_url=https://github.com'>Github</a>   new message", "error": null, "scheduled_date": "2022-12-04T23:27:00Z", "status": "SENT", "timestamp": "2022-12-04T23:26:08.613Z"}}, {"model": "email_logs.emaillog", "pk": 8, "fields": {"company": "8e5c31c8-b0ad-4cf1-9a28-fc8a980bf5f6", "message_id": "471777bf-4677-45d0-9c0f-b42357990ae3", "message_type": "CUSTOM", "email_from": "New Company", "email_to": "codertjay@gmail.com", "reply_to": "dev.suport@gmail.com", "max_retries": 1, "email_subject": "Testing link and view count", "description": "<a href='https://production.codertjay.com:8001/api/v1/communications/update_links_clicked/?&email_type=custom&email_id=471777bf-4677-45d0-9c0f-b42357990ae3&redirect_url=https://google.com'>Google</a>  <a href='https://production.codertjay.com:8001/api/v1/communications/update_links_clicked/?&email_type=custom&email_id=471777bf-4677-45d0-9c0f-b42357990ae3&redirect_url=https://github.com'>Github</a>   new message", "error": null, "scheduled_date": "2022-12-04T23:27:00Z", "status": "SENT", "timestamp": "2022-12-04T23:26:09.282Z"}}, {"model": "email_logs.emaillog", "pk": 9, "fields": {"company": "8e5c31c8-b0ad-4cf1-9a28-fc8a980bf5f6", "message_id": "8f1b20ea-79f8-4516-9deb-6023051156a5", "message_type": "GROUP", "email_from": "New Company", "email_to": "codertjay@gmail.com", "reply_to": "dev.suport@gmail.com", "max_retries": 2, "email_subject": "Check this out", "description": "first_name and last_name what do you think", "error": null, "scheduled_date": "2022-12-04T23:33:00Z", "status": "SENT", "timestamp": "2022-12-04T23:32:12.345Z"}}, {"model": "email_logs.emaillog", "pk": 10, "fields": {"company": "8e5c31c8-b0ad-4cf1-9a28-fc8a980bf5f6", "message_id": "8f1b20ea-79f8-4516-9deb-6023051156a5", "message_type": "GROUP", "email_from": "New Company", "email_to": "codertjay@gmail.com", "reply_to": "dev.suport@gmail.com", "max_retries": 0, "email_subject": "Check this out", "description": "Codertjay and Thankgod what do you think", "error": null, "scheduled_date": "2022-12-04T23:33:00Z", "status": "PENDING", "timestamp": "2022-12-04T23:32:13.517Z"}}, {"model": "email_logs.emaillog", "pk": 11, "fields": {"company": "8e5c31c8-b0ad-4cf1-9a28-fc8a980bf5f6", "message_id": "3724bed6-5364-40c1-8375-efede5c8443c", "message_type": "GROUP", "email_from": "New Company", "email_to": "codertjay@gmail.com", "reply_to": "dev.suport@gmail.com", "max_retries": 1, "email_subject": "Check this out", "description": "first_name and last_name what do you think", "error": null, "scheduled_date": "2022-12-04T23:41:00Z", "status": "SENT", "timestamp": "2022-12-04T23:40:16.991Z"}}, {"model": "email_logs.emaillog", "pk": 12, "fields": {"company": "8e5c31c8-b0ad-4cf1-9a28-fc8a980bf5f6", "message_id": "3724bed6-5364-40c1-8375-efede5c8443c", "message_type": "GROUP", "email_from": "New Company", "email_to": "codertjay@gmail.com", "reply_to": "dev.suport@gmail.com", "max_retries": 0, "email_subject": "Check this out", "description": "Codertjay and Thankgod what do you think", "error": null, "scheduled_date": "2022-12-04T23:41:00Z", "status": "PENDING", "timestamp": "2022-12-04T23:40:17.520Z"}}, {"model": "email_logs.emaillog", "pk": 13, "fields": {"company": "8e5c31c8-b0ad-4cf1-9a28-fc8a980bf5f6", "message_id": "98a2f521-8939-41a7-b257-161a557a71bc", "message_type": "GROUP", "email_from": "New Company", "email_to": "codertjay@gmail.com", "reply_to": "dev.suport@gmail.com", "max_retries": 1, "email_subject": "Check this out", "description": "Codertjay and Thankgod what do you think  <a href='https://production.codertjay.com:8001/api/v1/communications/update_links_clicked/?&email_type=custom&email_id=98a2f521-8939-41a7-b257-161a557a71bc&redirect_url=https://google.com'>Google</a>", "error": null, "scheduled_date": "2022-12-04T23:48:00Z", "status": "SENT", "timestamp": "2022-12-04T23:47:16.653Z"}}, {"model": "email_logs.emaillog", "pk": 14, "fields": {"company": "8e5c31c8-b0ad-4cf1-9a28-fc8a980bf5f6", "message_id": "f95c1717-fde0-4698-8b79-4b5c8829114d", "message_type": "OTHERS", "email_from": "New Company", "email_to": "favourtjay@gmail.com", "reply_to": "dev.suport@gmail.com", "max_retries": 0, "email_subject": "Invitation to Join New Company", "description": "<h1> Hello Favour - None. </h1>\n                     <p>New Company has invited you to join the their organisation you can use this code to join \n                     9680569</p>   ", "error": null, "scheduled_date": "2022-12-23T19:58:19.842Z", "status": "PENDING", "timestamp": "2022-12-23T19:58:19.843Z"}}, {"model": "email_logs.emaillog", "pk": 15, "fields": {"company": "8e5c31c8-b0ad-4cf1-9a28-fc8a980bf5f6", "message_id": "eacb64fb-ae4e-45e2-93e1-cbb541d71146", "message_type": "OTHERS", "email_from": "New Company", "email_to": "codertjay@gmail.com", "reply_to": "dev.suport@gmail.com", "max_retries": 1, "email_subject": "Invitation to Join New Company", "description": "<h1> Hello Favour - None. </h1>\n                     <p>New Company has invited you to join the their organisation you can use this code to join \n                     1995932</p>   ", "error": null, "scheduled_date": "2022-12-23T20:03:07.721Z", "status": "SENT", "timestamp": "2022-12-23T20:03:07.722Z"}}, {"model": "email_logs.emaillog", "pk": 16, "fields": {"company": "8e5c31c8-b0ad-4cf1-9a28-fc8a980bf5f6", "message_id": "7404c62b-7991-4407-bc6b-16246670f9ee", "message_type": "CAREER", "email_from": "New Company", "email_to": "dev.codertjay@gmail.comsp", "reply_to": "dev.suport@gmail.com", "max_retries": 0, "email_subject": "Accepted by New Company", "description": "<h2>Hi Favour - Afenikhena</h2>\n                     <p> You have been accepted come for interview.", "error": null, "scheduled_date": "2023-01-05T10:28:29.192Z", "status": "PENDING", "timestamp": "2023-01-05T10:28:29.194Z"}}, {"model": "email_logs.emaillog", "pk": 17, "fields": {"company": "8e5c31c8-b0ad-4cf1-9a28-fc8a980bf5f6", "message_id": "4e19cd9c-ca0a-4b33-af1c-2cc580b3b4c3", "message_type": "OTHERS", "email_from": "New Company", "email_to": "dev.codertjay@gmail.com", "reply_to": "dev.suport@gmail.com", "max_retries": 0, "email_subject": "Invitation to Join New Company", "description": "\n            <h1> Hello Favour - \n            None. </h1>\n             <p>New Company has invited you to join the their organisation\n              you can use this code to join \n             6271515</p>   ", "error": null, "scheduled_date": "2023-01-05T15:03:37.755Z", "status": "PENDING", "timestamp": "2023-01-05T15:03:37.760Z"}}, {"model": "contacts.unsubscriber", "pk": "0bf3230c-0be9-4100-8dd3-333a04f3b832", "fields": {"company": "917766a0-f77f-4a46-a066-c6b24f749390", "email": "codertjay@gmail.com", "message": "Hello i would love to unsubscribe for some personal reasons", "timestamp": "2023-01-05T14:43:20.083Z"}}, {"model": "contacts.unsubscriber", "pk": "6a6485ed-cae0-427d-bd5c-f52e69b7a7b4", "fields": {"company": "8e5c31c8-b0ad-4cf1-9a28-fc8a980bf5f6", "email": "codertjay@gmail.com", "message": "Hello i would love to unsubscribe for some personal reasons", "timestamp": "2023-01-05T15:05:14.590Z"}}, {"model": "contacts.unsubscriber", "pk": "742b3c83-289c-48d6-9cca-e0803a3bc954", "fields": {"company": "8e5c31c8-b0ad-4cf1-9a28-fc8a980bf5f6", "email": "codertjay@gmail.com", "message": "Hello i would love to unsubscribe for some personal reasons", "timestamp": "2023-01-05T15:04:35.541Z"}}, {"model": "contacts.unsubscriber", "pk": "8b6ae8d7-39e1-4240-9996-9ae18e119e4d", "fields": {"company": "917766a0-f77f-4a46-a066-c6b24f749390", "email": "codertjay@gmail.com", "message": "Hello i would love to unsubscribe for some personal reasons", "timestamp": "2023-01-05T14:42:06.995Z"}}, {"model": "contacts.unsubscriber", "pk": "bedd7709-b303-4f0c-9448-d4e2f8dfad43", "fields": {"company": "8e5c31c8-b0ad-4cf1-9a28-fc8a980bf5f6", "email": "demai@gmail.com", "message": "Hello i would love to unsubscribe for some personal reasons", "timestamp": "2023-01-05T15:11:00.944Z"}}]